PLMN,Network
90127,Worldwide-OnMarine
24299,Norway-TampNet AS
36302,Aruba-Digicel
41240,Afghanistan-MTN
41201,Afghanistan-AWCC
41250,Afghanistan-Etisalat
41220,Afghanistan-Roshan
63102,Angola-UNITEL
365840,Anguilla (UK)-FLOW
27601,Albania-Telekom.al
27603,Albania-Eagle Mobile
27604,Albania-Plus Communication
27602,Albania-Vodafone
21303,Andorra-Mobiland
36269,Former Netherlands Antilles-Digicel
36251,Former Netherlands Antilles-Telcell
42403,United Arab Emirates-du
42402,United Arab Emirates-Etisalat
90105,Worldwide-Thuraya RMSS Network
722310,Argentina-Claro
28301,Armenia-Beeline
28305,Armenia-VivaCell-MTS
28310,Armenia-Ucom
344920,Antigua and Barbuda-FLOW
50502,Australia-Optus
50501,Australia-Telstra
50503,Australia-Vodafone
23205,Austria-3
23203,Austria-Magenta
23201,Austria-A1.net
40001,Azerbaijan-Azercell
40004,Azerbaijan-Nar Mobile
40002,Azerbaijan-Bakcell
64207,Burundi-Smart Mobile
64208,Burundi-Lumitel
20620,Belgium-Base
20610,Belgium-Orange Belgium
20601,Belgium-Proximus
61602,Benin-Moov
61302,Burkina Faso-Orange
47003,Bangladesh-Banglalink
47001,Bangladesh-Grameenphone
28401,Bulgaria-A1
28405,Bulgaria-Telenor
42605,Bahrain-Batelco
42601,Bahrain-Batelco
42602,Bahrain-zain BH
36439,Bahamas-BTC
36449,Bahamas-Aliv
21803,Bosnia and Herzegovina-HT-ERONET
21805,Bosnia and Herzegovina-m:tel BiH
21890,Bosnia and Herzegovina-BH Mobile
25702,Belarus-MTS
25701,Belarus-A1
70267,Belize-DigiCell
70269,Belize-SMART
90118,Worldwide-Cellular @Sea
73601,Bolivia-Viva
73603,Bolivia-Tigo
72416,Brazil-Brasil Telecom GSM
72434,Brazil-Algar Telecom
72405,Brazil-Claro
72404,Brazil-TIM
72402,Brazil-TIM
72403,Brazil-TIM
72423,Brazil-Vivo
72431,Brazil-Oi
72410,Brazil-Vivo
72406,Brazil-Vivo
72411,Brazil-Vivo
342600,Barbados-FLOW
52802,Brunei-PCSB
52811,Brunei-DST
65204,Botswana-beMobile
65201,Botswana-Mascom
62303,Central African Republic-Orange
302610,Canada-Bell Mobility
302370,Canada-Fido
302720,Canada-Rogers Wireless
302780,Canada-SaskTel
302220,"Canada-Telus Mobility, Koodo Mobile, Public Mobile"
302500,Canada-Videotron
22801,Switzerland-Swisscom
22802,Switzerland-Sunrise
22803,Switzerland-Salt
73001,Chile-entel
73003,Chile-CLARO CL
73002,Chile-movistar
46002,China-China Mobile
46000,China-China Mobile
46001,China-China Unicom
46011,China-China Telecom
46007,China-China Mobile
61202,Ivory Coast-Moov
61205,Ivory Coast-MTN
62401,Cameroon-MTN Cameroon
62404,Cameroon-Nexttel
63090,Democratic Republic of the Congo-Africell
63002,Democratic Republic of the Congo-Airtel
63086,Democratic Republic of the Congo-Orange RDC
63089,Democratic Republic of the Congo-Orange RDC
63001,Democratic Republic of the Congo-Vodacom
62901,Congo-Airtel
732101,Colombia-Claro
732111,Colombia-Tigo
732123,Colombia-movistar
65401,Comoros-HURI
65402,Comoros-TELCO SA
62501,Cape Verde-CVMOVEL
62502,Cape Verde-T+
71203,Costa Rica-Claro
71201,Costa Rica-Kölbi ICE
71204,Costa Rica-movistar
36801,Cuba-CUBACEL
346140,Cayman Islands (UK)-FLOW
28001,Cyprus-Cytamobile-Vodafone
28020,Cyprus-PrimeTel
28010,Cyprus-Epic
23003,Czech Republic-Vodafone
23002,Czech Republic-O2
23001,Czech Republic-T-Mobile
26201,Germany-Telekom
26202,Germany-Vodafone
26207,Germany-O2
63801,Djibouti-Evatis
366110,Dominica-FLOW
23802,Denmark-Telenor
23806,Denmark-3
23820,Denmark-Telia
23801,Denmark-TDC
37002,Dominican Republic-Claro
60301,Algeria-Mobilis
60302,Algeria-Djezzy
60303,Algeria-Ooredoo
74002,Ecuador-CNT Mobile
74000,Ecuador-Movistar
74001,Ecuador-Claro
60201,Egypt-Orange
60203,Egypt-Etisalat
60202,Egypt-Vodafone
21401,Spain-Vodafone
21403,Spain-Orange
21407,Spain-Movistar
21404,Spain-Yoigo
24801,Estonia-Telia
24803,Estonia-Tele2
24802,Estonia-Elisa
63601,Ethiopia-MTN
24412,Finland-DNA
24414,Finland-Ĺlcom
24405,Finland-Elisa
24403,Finland-DNA
24491,Finland-Telia
54202,Fiji-Digicel
20801,France-Orange
20810,France-SFR
20820,France-Bouygues
34020,French Antilles (France)-Digicel
20815,France-Free Mobile
54720,French Polynesia (France)-Vini
28801,Faroe Islands-Faroese Telecom
28802,Faroe Islands-Hey
62801,Gabon-Libertis
62804,Gabon-Azur
62803,Gabon-Airtel
62802,Gabon-Moov
23410,United Kingdom-O2 (UK)
23420,United Kingdom-3
23450,Guernsey (UK)-JT
23450,Jersey (UK)-JT
23450,United Kingdom-JT
23430,United Kingdom-T-Mobile UK
23458,Isle of Man (UK)-Pronto GSM
23458,United Kingdom-Pronto GSM
23433,United Kingdom-Orange
23415,United Kingdom-Vodafone UK
28201,Georgia-Geocell
28204,Georgia-Beeline
62007,Ghana-Globacom
62002,Ghana-Vodafone
62003,Ghana-AirtelTigo
62001,Ghana-MTN
62006,Ghana-AirtelTigo
26601,Gibraltar (UK)-GibTel
61104,Guinea-MTN
61101,Guinea-Orange
34001,French Antilles (France)-Orange
60702,Gambia-Africell
60704,Gambia-QCell
63202,Guinea-Bissau-MTN Areeba
62703,Equatorial Guinea-Muni
20201,Greece-Cosmote
20214,Greece-Cyta Hellas
20205,Greece-Vodafone
20210,Greece-Wind
352110,Grenada-FLOW
29001,Greenland-TELE Greenland A/S
70401,Guatemala-Claro
70403,Guatemala-movistar
310370,Guam (USA)-Docomo
310370,Northern Mariana Islands (USA)-Docomo
310370,United States of America-Docomo
310470,Guam (USA)-Docomo
310470,United States of America-NTT DoCoMo Pacific
73801,Guyana-Digicel
45403,Hong Kong-3
45404,Hong Kong-3 (2G)
45419,Hong Kong-PCCW Mobile (3G)
45416,Hong Kong-PCCW Mobile (2G)
45410,Hong Kong-New World Mobility
45412,Hong Kong-CMCC HK
45406,Hong Kong-SmarTone
45400,Hong Kong-1O1O / One2Free / New World Mobility / SUNMobile
708040,Honduras-Digicel
708001,Honduras-Claro
21901,Croatia-T-Mobile
21902,Croatia-Tele2
21910,Croatia-A1
37201,Haiti-Voila
37203,Haiti-Natcom
21601,Hungary-Telenor Hungary
21630,Hungary-T-Mobile
21670,Hungary-Vodafone
51089,Indonesia-3
51011,Indonesia-XL
51021,Indonesia-IM3
51008,Indonesia-AXIS
51001,Indonesia-Indosat Ooredoo
51010,Indonesia-Telkomsel
40435,India-Aircel
40417,India-AIRCEL
40425,India-AIRCEL
40428,India-AIRCEL
40429,India-AIRCEL
40407,India-IDEA
40491,India-AIRCEL
40554,India-AirTel
40553,India-AirTel
40552,India-AirTel
40551,India-AirTel
40556,India-AirTel
40416,India-Airtel
405810,India-AIRCEL
405811,India-AIRCEL
405800,India-AIRCEL
405809,India-AIRCEL
405805,India-AIRCEL
405803,India-AIRCEL
405801,India-AIRCEL
405804,India-AIRCEL
405812,India-AIRCEL
405806,India-AIRCEL
405808,India-AIRCEL
405802,India-AIRCEL
405807,India-AIRCEL
40492,India-AirTel
40490,India-AirTel
40498,India-AirTel
40494,India-AirTel
40496,India-AirTel
40497,India-AirTel
40495,India-AirTel
40493,India-AirTel
40402,India-AirTel
40442,India-Aircel
40410,India-AirTel
40424,India-IDEA
40446,India-Vodafone India
40403,India-AirTel
40427,India-Vodafone India
40422,India-IDEA
40443,India-Vodafone India
40430,India-Vodafone India
40468,India-DOLPHIN
40411,India-Vodafone India
40412,India-IDEA
40419,India-IDEA
40456,India-IDEA
40405,India-Vodafone India
40470,India-AirTel
40420,India-Vodafone India
40570,India-IDEA
40404,India-IDEA
40482,India-IDEA
405848,India-IDEA
405799,India-IDEA
405850,India-IDEA
40487,India-IDEA
405852,India-IDEA
40489,India-IDEA
405853,India-IDEA
405840,India-Jio
405854,India-Jio
405855,India-Jio
405856,India-Jio
405857,India-Jio
405858,India-Jio
405859,India-Jio
40445,India-Airtel
405861,India-Jio
40449,India-Airtel
405862,India-Jio
405863,India-Jio
405864,India-Jio
405865,India-Jio
405866,India-Jio
405867,India-Jio
405868,India-Jio
405869,India-Jio
405870,India-Jio
405871,India-Jio
405872,India-Jio
405873,India-Jio
405874,India-Jio
40469,India-DOLPHIN
40478,India-IDEA
40431,India-AirTel
40441,India-Aircel
40467,India-Reliance
40440,India-AirTel
40444,India-IDEA
40414,India-IDEA
405025,India-TATA DOCOMO
405034,India-TATA DOCOMO
405044,India-TATA DOCOMO
405035,India-TATA DOCOMO
405032,India-TATA DOCOMO
405038,India-TATA DOCOMO
405037,India-TATA DOCOMO
405045,India-TATA DOCOMO
405046,India-TATA DOCOMO
405047,India-TATA DOCOMO
405027,India-TATA DOCOMO
405029,India-TATA DOCOMO
405030,India-TATA DOCOMO
405031,India-TATA DOCOMO
405036,India-TATA DOCOMO
405039,India-TATA DOCOMO
405041,India-TATA DOCOMO
405042,India-TATA DOCOMO
405043,India-TATA DOCOMO
40474,India-cellone
27202,Ireland-3
27201,Ireland-Vodafone
27205,Ireland-3
27203,Ireland-Eir
43211,Iran-IR-TCI (Hamrah-e-Avval)
43235,Iran-MTN Irancell
43220,Iran-Rightel
41805,Iraq-Asia Cell
27411,Iceland-Nova
27401,Iceland-Síminn
27402,Iceland-Vodafone
27404,Iceland-Viking
42501,Israel-Partner
42502,Israel-Cellcom
42507,Israel-Hot Mobile
42503,Israel-Pelephone
22250,Italy-Iliad
90126,Worldwide-TIM@sea
22299,Italy-3 Italia
22210,Italy-Vodafone
22201,Italy-TIM
22288,Italy-Wind
338180,Jamaica-FLOW
338050,Bermuda-Digicel Bermuda
338050,Saint Lucia-Digicel
338050,Jamaica-Digicel
338050,Turks and Caicos Islands-Digicel
41601,Jordan-zain JO
41677,Jordan-Orange
41603,Jordan-Umniah
44010,Japan-NTT docomo
44020,Japan-SoftBank
44051,Japan-au
22102,Kosovo-IPKO
40177,Kazakhstan-Tele2.kz
40101,Kazakhstan-Beeline
40102,Kazakhstan-Kcell
63905,Kenya-yu
63903,Kenya-Airtel
63902,Kenya-Safaricom
63907,Kenya-Telkom
43701,Kyrgyzstan-Beeline
45604,Cambodia-qb
45601,Cambodia-Cellcard
45608,Cambodia-Metfone
54501,Kiribati-Kiribati - ATH
356110,Saint Kitts and Nevis-FLOW
45008,South Korea-olleh
45006,South Korea-LG U+
45005,South Korea-SKTelecom
41904,Kuwait-STC
41902,Kuwait-zain KW
41903,Kuwait-K.S.C Ooredoo
45703,Laos-Unitel
45702,Laos-ETL
45701,Laos-LaoTel
45708,Laos-Beeline
41501,Lebanon-Alfa
41503,Lebanon-Touch
60601,Libya-Madar
358110,Saint Lucia-FLOW
29505,Liechtenstein-FL1
29577,Liechtenstein-Alpmobil
29502,Liechtenstein-7acht
41301,Sri Lanka-Mobitel
41303,Sri Lanka-Etisalat
41302,Sri Lanka-Dialog
41308,Sri Lanka-Hutch
65102,Lesotho-Econet Telecom
65101,Lesotho-Vodacom
24603,Lithuania-Tele2
24602,Lithuania-BIT?
24601,Lithuania-Telia
27001,Luxembourg-POST
27077,Luxembourg-Tango
27099,Luxembourg-Orange
24702,Latvia-Tele2
24701,Latvia-LMT
45501,Macau (China)-CTM
45503,Macau (China)-3
45500,Macau (China)-SmarTone
60401,Morocco-IAM
60402,Morocco-INWI
60400,Morocco-Orange Morocco
21210,Monaco-Office des Telephones
25902,Moldova-Moldcell
25901,Moldova-Orange
64601,Madagascar-Airtel
64604,Madagascar-Telma
47201,Maldives-Dhiraagu
47202,Maldives-Ooredoo
334140,Mexico-Altan Redes
334050,Mexico-AT&T / Unefon
334030,Mexico-Movistar
334090,Mexico-AT&T
334020,Mexico-Telcel
29403,North Macedonia-vip
61002,Mali-Orange
27821,Malta-GO
90119,Worldwide-Vodafone Malta Maritime
27801,Malta-Vodafone
41405,Myanmar-Ooredoo
41401,Myanmar-MPT
41406,Myanmar-Telenor
29703,Montenegro-m:tel CG
29701,Montenegro-Telenor
42899,Mongolia-Mobicom
42888,Mongolia-Unitel
64301,Mozambique-mCel
64304,Mozambique-Vodacom
64303,Mozambique-Movitel
60901,Mauritania-Mattel
354860,Montserrat (UK)-FLOW
61701,Mauritius-my.t
61710,Mauritius-Emtel
61703,Mauritius-CHILI
65001,Malawi-TNM
65010,Malawi-Airtel
50212,Malaysia-Maxis
50219,Malaysia-Celcom
50218,Malaysia-U Mobile
50213,Malaysia-Celcom
50216,Malaysia-DiGi
64901,Namibia-MTC
64903,Namibia-TN Mobile
54601,New Caledonia (France)-Mobilis
61402,Niger-Airtel
61404,Niger-Orange
62160,Nigeria-9mobile
62120,Nigeria-Airtel
62150,Nigeria-Glo
62130,Nigeria-MTN
62140,Nigeria-Ntel
71021,Nicaragua-Claro
71073,Nicaragua-Claro
20420,Netherlands-T-Mobile
20404,Netherlands-Vodafone
20416,Netherlands-T-Mobile (BEN)
20408,Netherlands-KPN
90114,Worldwide-AeroMobile
90112,Worldwide-Telenor
24205,Norway-Telia
24208,Norway-Telia
24201,Norway-Telenor
42902,Nepal-Ncell
42901,Nepal-Namaste / NT Mobile / Sky Phone
53001,New Zealand-Vodafone
53024,New Zealand-2degrees
53005,New Zealand-Spark
42202,Oman-Omantel
42203,Oman-ooredoo
41001,Pakistan-Jazz
41006,Pakistan-Telenor
41003,Pakistan-Ufone
41007,Pakistan-Jazz
71403,Panama-Claro
71401,Panama-Cable & Wireless
71404,Panama-Digicel
714020,Panama-movistar
71606,Peru-Movistar
71610,Peru-Claro
71615,Peru-Bitel
51505,Philippines-Sun Cellular
51502,Philippines-Globe
51503,Philippines-SMART
53703,Papua New Guinea-Digicel
53701,Papua New Guinea-bmobile
26002,Poland-T-Mobile
26003,Poland-Orange
26001,Poland-Plus
26006,Poland-Play
330110,Puerto Rico-Claro Puerto Rico
26803,Portugal-NOS
26801,Portugal-Vodafone
26806,Portugal-MEO
74402,Paraguay-Claro
74405,Paraguay-Personal
74404,Paraguay-Tigo
74401,Paraguay-VOX
42505,Israel-Jawwal
42505,Palestine-Jawwal
42702,Qatar-Vodafone
42701,Qatar-ooredoo
22603,Romania-Telekom
22601,Romania-Vodafone
22610,Romania-Orange
25001,Russian Federation-MTS
25099,Russian Federation-Beeline
25035,Russian Federation-MOTIV
25002,Russian Federation-MegaFon
25020,Russian Federation-Tele2
63514,Rwanda-Airtel
63510,Rwanda-MTN
63513,Rwanda-Airtel
42001,Saudi Arabia-Al Jawal (STC )
42003,Saudi Arabia-Mobily
42006,Saudi Arabia-Lebara Mobile
42004,Saudi Arabia-Zain SA
63402,Sudan-MTN
60803,Senegal-Expresso
60802,Senegal-Tigo
52503,Singapore-M1
52502,Singapore-SingTel-G18
52508,Singapore-StarHub
52505,Singapore-StarHub
52501,Singapore-SingTel
61905,Sierra Leone-Africell
61901,Sierra Leone-Orange
70602,El Salvador-Digicel
70603,El Salvador-Tigo
70601,El Salvador-Claro
70604,El Salvador-movistar
63701,Somalia-Telesom
22005,Serbia-VIP
65902,South Sudan-MTN
65906,South Sudan-Zain
62601,Sao Tome and Principe-CSTmovel
63401,Sudan-Zain SD
74603,Suriname-Digicel
74602,Suriname-Telesur
23102,Slovakia-Telekom
23101,Slovakia-Orange
23106,Slovakia-O2
29341,Slovenia-Mobitel
29340,Slovenia-A1
24042,Sweden-Telenor Connexion AB
24008,Sweden-Telenor
24002,Sweden-3
24007,Sweden-Tele2
24001,Sweden-Telia
65310,Swaziland-Swazi MTN
63310,Seychelles-Airtel
63301,Seychelles-Cable & Wireless
41702,Syria-MTN
376350,Turks and Caicos Islands-FLOW
62201,Chad-Airtel
62203,Chad-Tigo
61501,Togo-Togo Cell
61503,Togo-Moov
52004,Thailand-TrueMove H
52099,Thailand-TrueMove
52000,Thailand-TrueMove H / my by CAT
52005,Thailand-dtac TriNet / LINE
52003,Thailand-AIS
52018,Thailand-dtac
43605,Tajikistan-ZET-Mobile
51403,East Timor-Telemor
53988,Tonga-Digicel
374130,Trinidad and Tobago-Digicel
60501,Tunisia-Orange
60503,Tunisia-OOREDOO TN
60502,Tunisia-Tunicell
28604,Turkey-Aycell
28603,Turkey-Türk Telekom
28601,Turkey-Turkcell
28602,Turkey-Vodafone
46601,Taiwan-FarEasTone
46692,Taiwan-Chunghwa
46697,Taiwan-Taiwan Mobile
46689,Taiwan-T Star
64005,Tanzania-Airtel
64002,Tanzania-tiGO
64004,Tanzania-Vodacom
64009,Tanzania-Halotel
64008,Tanzania-Smart
64003,Tanzania-Zantel
64101,Uganda-Airtel
64110,Uganda-MTN
64114,Uganda-Africell
64118,Uganda-Smart
64111,Uganda-Uganda Telecom
64122,Uganda-Airtel
25506,Ukraine-lifecell
25503,Ukraine-Kyivstar
25502,Ukraine-Kyivstar
25501,Ukraine-Vodafone
25507,Ukraine-3Mob; Lycamobile
74810,Uruguay-Claro
74807,Uruguay-Movistar
310420,United States of America-Cincinnati Bell
311320,United States of America-Choice Wireless
310410,United States of America-AT&T
310450,United States of America-Viaero
311040,United States of America-Choice Wireless
310690,United States of America-Limitless Mobile
311370,United States of America-GCI Wireless
310110,Northern Mariana Islands (USA)-IT&E Wireless
310110,United States of America-IT&E Wireless
311030,United States of America-Indigo Wireless
311170,United States of America-Tampnet
310120,United States of America-Sprint
311580,United States of America-U.S. Cellular
310020,United States of America-Union Wireless
311480,United States of America-Verizon
310260,United States of America-T-Mobile
43405,Uzbekistan-Ucell
43404,Uzbekistan-Beeline
360110,Saint Vincent and the Grenadines-FLOW
73404,Venezuela-movistar
348570,British Virgin Islands (UK)-CCT Boatphone
348170,British Virgin Islands (UK)-FLOW
348770,British Virgin Islands (UK)-Digicel
45201,Vietnam-MobiFone
45202,Vietnam-Vinaphone
45205,Vietnam-Vietnamobile
45204,Vietnam-Viettel Mobile
54105,Vanuatu-Digicel
54900,Samoa-Digicel
42101,Yemen-SabaFon
22001,Serbia-Telenor
65507,South Africa-Cell C
65502,South Africa-Telkom
65510,South Africa-MTN
65501,South Africa-Vodacom
64501,Zambia-Airtel
64503,Zambia-ZAMTEL
64804,Zimbabwe-Econet
64803,Zimbabwe-Telecel
90103,Worldwide-Iridium
90110,Worldwide-ACeS
90111,Worldwide-Inmarsat
90129,Worldwide-Telenor
50505,Australia-Ozitel
50509,Australia-Airnet
50515,Australia-3GIS
31059,Bermuda-Cellular One
72428,Brazil-No name
72499,Brazil-Local
302710,Canada-Globalstar
26215,Germany-Airdata
63203,Guinea-Bissau-Orange
41808,Iraq-SanaTel
22202,Italy-Elsacom
22204,Italy-Intermatica
22205,Italy-Telespazio
22254,Italy-Plintron
22277,Italy-IPSE 2000
40108,Kazakhstan-Kazakhtelecom
25012,Russian Federation-Akos
25018,Russian Federation-Osnova Telecom
360100,Saint Vincent and the Grenadines-Cingular Wireless
21408,Spain-Euskaltel
310014,United States of America-
310660,United States of America-T-Mobile
311400,United States of America-
23429,United Kingdom-aql
42519,Israel-019 Mobile
90167,Worldwide-1NCE GmbH
45421,Hong Kong-21Vianet Mobile Ltd.
45422,Hong Kong-263 Mobile Communications (HongKong) Limited
42511,Israel-365 Telecom
312650,United States of America-365 Wireless LLC
24004,Sweden-SWEDEN
22850,Switzerland-3G Mobile AG
24016,Sweden-42 Telecom AB
24035,Sweden-42 Telecom LTD
20414,Netherlands-6GMOBILE B.V.
43703,Kyrgyzstan-7 Mobile
313100,United States of America-FirstNet
313110,United States of America-FirstNet
65527,South Africa-A to Z Vaal Industrial Supplies Pty Ltd
28988,Abkhazia-A-Mobile
302420,Canada-ABC
23202,Austria-A1 Telekom Austria
23209,Austria-Tele2Mobil
23211,Austria-bob
23212,Austria-yesss!
24450,Finland-Aalto-korkeakoulusäätiö sr
24451,Finland-Aalto-korkeakoulusäätiö sr
24452,Finland-Aalto-korkeakoulusäätiö sr
24453,Finland-Aalto-korkeakoulusäätiö sr
24454,Finland-Aalto-korkeakoulusäätiö sr
24455,Finland-Aalto-korkeakoulusäätiö sr
24456,Finland-Aalto-korkeakoulusäätiö sr
24457,Finland-Aalto-korkeakoulusäätiö sr
24458,Finland-Aalto-korkeakoulusäätiö sr
24459,Finland-Aalto-korkeakoulusäätiö sr
312500,United States of America-AB Spectrum LLC
51524,Philippines-ABS-CBN Mobile
65002,Malawi-Access
27204,Ireland-Access Telecom
52020,Thailand-ACeS
54100,Vanuatu-AIL
312070,United States of America-Adams Networks Inc
74800,Uruguay-Antel
74801,Uruguay-Antel
74803,Uruguay-Antel
21451,Spain-ADIF
50524,Australia-Advanced Communications Technologies Pty. Ltd.
52001,Thailand-AIS
26026,Poland-ATE
90145,Worldwide-Advanced Wireless Network Company Limited
310880,United States of America-DTC Wireless
310850,United States of America-Aeris
26004,Poland-Aero2
26015,Poland-Aero2
26016,Poland-Aero2
26017,Poland-Aero2
41280,Afghanistan-Salaam
41288,Afghanistan-Salaam
64106,Uganda-Vodafone
26048,Poland-AGILE TELECOM S.P.A.
20465,Netherlands-AGMS Netherlands B.V.
310630,United States of America-miSpot
20828,France-Airbus Defence and Space SAS
61207,Ivory Coast-café
21434,"Spain-Aire Networks del Mediterráneo, S.L.U."
310034,United States of America-Airpeak
65575,South Africa-ACSA
302290,Canada-Airtel Wireless
23478,United Kingdom-Airwave
60404,Morocco-Al Houria Telecom
60499,Morocco-Al Houria Telecom
60602,Libya-Al-Jeel Phone
21436,"Spain-ALAI OPERADOR DE TELECOMUNICACIONES, S.L"
310050,United States of America-GCI
310190,United States of America-GCI
312880,United States of America-Albemarle County Public Schools
43705,Kyrgyzstan-MegaCom
72432,Brazil-Algar Telecom
72433,Brazil-Algar Telecom
60307,Algeria-AT
60309,Algeria-AT
310054,United States of America-Alltel US
24013,Sweden-Alltele Företag Sverige AB
302250,Canada-ALO
42514,Israel-Youphone
61003,Mali-Telecel
21402,Spain-Altecom/Fibracat
40107,Kazakhstan-Altel
502156,Malaysia-Altel
24222,Norway-Altibox AS
20808,France-SFR
20809,France-SFR
20811,France-SFR
20813,France-SFR
37001,Dominican Republic-Altice
37003,Dominican Republic-Altice
313390,"United States of America-Altice USA Wireless, Inc."
311770,"United States of America-Altiostar Networks, Inc."
43802,Turkmenistan-TM-Cell
54509,Kiribati-Kiribati - Frigate Net
41420,Myanmar-ACS
41421,Myanmar-ACS
65536,South Africa-Amatole Telecommunications Pty Ltd
72424,Brazil-Amazonia Celular
46612,Taiwan-Ambit Microsystems
302300,Canada-ECOTEL
302310,Canada-ECOTEL
20207,Greece-AMD Telecom
26018,Poland-AMD Telecom
311780,American Samoa (USA)-ASTCA
311780,United States of America-ASTCA
23470,United Kingdom-AMSUK Ltd.
722320,Argentina-Claro
722330,Argentina-Claro
40479,India-cellone
40413,India-Vodafone India
40473,India-cellone
40501,India-Reliance
405819,India-Uninor
405908,India-IDEA
405912,India-Etisalat DB(cheers)
60321,Algeria-ANESRIF
50546,Australia-AngloGold Ashanti Australia Ltd
312520,United States of America-ANIN
344030,Antigua and Barbuda-APUA
344050,Antigua and Barbuda-Digicel
36276,Former Netherlands Antilles-Digicel
64130,Uganda-Anupam Global Soft Uganda Limited
28967,Abkhazia-Aquafon
50541,Australia-Aqura Technologies Pty
26022,Poland-Arcomm
310710,United States of America-ASTAC
312760,United States of America-ASTAC
23292,Austria-ArgoNET
311200,United States of America-ARINC
50543,Australia-Arrow Energy Pty Ltd
312750,United States of America-Artemis Networks LLC
313440,"United States of America-Arvig Enterprises, Inc."
43250,Iran-Shatel
28213,Georgia-Asanet Ltd
41800,Iraq-Asia Cell
46605,Taiwan-APTG
312210,"United States of America-Aspenta International, Inc."
40409,India-Reliance
40438,India-cellone
405026,India-TATA DOCOMO
405751,India-Vodafone India
405824,India-Videocon Datacom
405845,India-IDEA
405875,India-Uninor
405881,India-S Tel
20892,France-Com4Innov
23007,"Czech Republic-ASTELNET, s.r.o."
43803,Turkmenistan-AGTS CDMA
90144,Worldwide-AT&T Inc.
334010,Mexico-AT&T
334040,Mexico-Unefon
334070,Mexico-Unefon
334080,Mexico-Unefon
310016,United States of America-AT&T
310030,United States of America-AT&T
310070,United States of America-AT&T
310080,United States of America-AT&T
310090,United States of America-AT&T
310150,United States of America-AT&T
310170,United States of America-AT&T
310280,United States of America-AT&T
310380,United States of America-AT&T
310560,United States of America-AT&T
310670,United States of America-AT&T
310680,United States of America-AT&T
310950,United States of America-AT&T
311070,United States of America-AT&T
311090,United States of America-AT&T
311180,United States of America-AT&T
311190,United States of America-AT&T
312090,United States of America-AT&T
312670,United States of America-FirstNet
312680,United States of America-AT&T
313210,United States of America-AT&T
344930,Antigua and Barbuda-AT&T Wireless
61802,Liberia-Libercell
61403,Niger-Moov
62301,Central African Republic-Moov
25510,Ukraine-Atlantis Telecom LLC
50520,Australia-Ausgrid Corporation
732130,Colombia-AVANTEL
47002,Bangladesh-Robi
334130,"Mexico-Axtel, S.A.B. de C.V."
43202,Iran-Azartel
90136,Worldwide-Azerfon
62304,Central African Republic-Azur
40211,Bhutan-B-Mobile
42521,Israel-Bezeq International
43604,Tajikistan-Babilon-M
43610,Tajikistan-Babilon-T
24817,Estonia-Baltergo OÜ
23823,Denmark-GSM-R DK
47009,Bangladesh-ollo
47010,Bangladesh-Banglalion
22852,Switzerland-Barablu
502151,Malaysia-SalamFone
25012,Russian Federation-Baykalwestcom
302652,Canada-BC Tel Mobility (Telus)
90113,Worldwide-GSM.AQ
25028,Russian Federation-Beeline
22858,Switzerland-beeone
90155,Worldwide-Beezz Communication Solutions Ltd.
42523,Israel-Beezz Communication Solutions Ltd.
25704,Belarus-life:)
25703,Belarus-DIALLOG
90158,Worldwide-BICS
20600,Belgium-Proximus
302630,Canada-Aliant Mobility
61604,Benin-BBCOM
302640,Canada-Bell
302690,Canada-Bell
302655,Canada-MTS
302660,Canada-MTS
732102,Colombia-Bellsouth Colombia
25706,Belarus-beCloud
25705,Belarus-byfly
311570,United States of America-BendBroadband
61601,Benin-Libercom
35000,Bermuda-One
21422,Spain-DIGI mobil
24704,Latvia-Beta Telecom
42520,Israel-Bezeq
25050,Russian Federation-MTS
47007,Bangladesh-Airtel
41305,Sri Lanka-Airtel
50531,Australia-BHP Billiton
20628,Belgium-BICS
311970,United States of America-Big River Broadband
40475,India-cellone
40503,India-Reliance
40436,India-Reliance
405752,India-Vodafone India
24705,Latvia-Bite
24434,Finland-Bittium Wireless
64701,French Indian Ocean Territories (France)-Maoré Mobile
313270,United States of America-Blackstar Management
22298,Italy-BLU
62010,Ghana-Blu
302330,Canada-Blue Canada Wireless Inc.
27010,Luxembourg-Blue Communications
73006,Chile-Telsur
311440,United States of America-Bluegrass Cellular LLC
311800,United States of America-Bluegrass Cellular LLC
311810,United States of America-Bluegrass Cellular LLC
53007,New Zealand-Bluereach Limited
54411,American Samoa (USA)-Bluesky
54927,Samoa-Bluesky
23473,United Kingdom-Bluewave Communications Ltd
23473,Isle of Man (UK)-Bluewave Communications Ltd.
54002,Solomon Islands-BeMobile
36294,Former Netherlands Antilles-Bayňs
90141,Worldwide-BodyTrace Netherlands B.V.
20461,Netherlands-BodyTrace Netherlands B.V.
65530,South Africa-Bokamoso Consortium
65534,South Africa-Bokone Telecoms Pty Ltd
24039,Sweden-Borderlight AB
20821,France-Bouygues
20888,France-Bouygues
27007,Luxembourg-Bouygues Telecom S.A.
302270,Canada-EastLink
24809,Estonia-Bravo Telecom
20427,Netherlands-Breezz Nederland B.V.
312810,United States of America-BBCP
312540,United States of America-Broadband In Hand LLC
23400,United Kingdom-BT
23476,United Kingdom-BT
23577,United Kingdom-BT
21415,Spain-BT
22234,Italy-BT Italia
23408,United Kingdom-BT OnePhone
28403,Bulgaria-Vivacom
62012,Ghana-BTL
312570,United States of America-Blue Wireless
311330,United States of America-Bug Tussel Wireless
28411,Bulgaria-Bulsatcom
62014,Ghana-busy
43401,Uzbekistan-Buztel
348370,British Virgin Islands (UK)-BVI Cable TV Ltd
20215,Greece-BWS
310900,United States of America-Mid-Rivers Wireless
312450,United States of America-Cable & Communications Corporation
338110,Jamaica-FLOW
376352,Turks and Caicos Islands-FLOW
376360,Turks and Caicos Islands-FLOW
44012,"Japan-Cable media waiwai Co., Ltd."
22619,Romania-CFR
313310,"United States of America-CAL.NET, Inc."
26038,Poland-CALLFREEDOM Sp. z o.o.
313300,"United States of America-Cambio WiFi of Delmarva, LLC"
45603,Cambodia-qb
313020,United States of America-CTC Wireless
24709,Latvia-Xomobile
62403,Cameroon-Camtel
63405,Sudan-canar
62100,Nigeria-Capcom
65521,South Africa-Cape Town Metropolitan Council
20425,Netherlands-CapX B.V.
310130,United States of America-Carolina West Wireless
312470,United States of America-Carolina West Wireless
27216,Ireland-Carphone Warehouse
52002,Thailand-CAT CDMA
40003,Azerbaijan-FONEX
42518,Israel-Cellact Communications
61105,Guinea-Cellcom
20834,France-Cellhire France
73022,Chile-Cellplus SpA
310360,United States of America-Pioneer Cellular
312270,United States of America-Pioneer Cellular
312280,United States of America-Pioneer Cellular
311230,United States of America-C Spire Wireless
311630,United States of America-C Spire Wireless
708002,Honduras-Tigo
73011,Chile-Celupago S.A.
312260,United States of America-NewCore
25038,Russian Federation-Tambov GSM
313330,United States of America-CenturyTel Broadband Services LLC
23456,United Kingdom-CESG
42529,Israel-CG Networks
50523,Australia-Challenge Networks Pty Ltd
26242,Germany-CCC Event
311010,United States of America-Chariton Valley
312010,United States of America-Chariton Valley
312220,United States of America-Chariton Valley
40464,India-cellone
40484,India-Vodafone India
405028,India-TATA DOCOMO
40504,India-Reliance
46705,North Korea-Koryolink
46706,North Korea-Koryolink
45430,Hong Kong-China Data Enterprises Ltd
46008,China-China Mobile
41004,Pakistan-Zong
45413,Hong Kong-CMCC HK
45409,Hong Kong-China Motion Telecom
46003,China-China Telecom
46005,China-China Telecom
45502,Macau (China)-China Telecom
45507,Macau (China)-China Telecom
45431,Hong Kong-CTExcel
46020,China-China Tietong
46006,China-China Unicom
46009,China-China Unicom
45407,Hong Kong-China Unicom
45411,Hong Kong-China-Hong Kong Telecom
60902,Mauritania-Chinguitel
73015,Chile-Cibeles Telecom S.A.
73027,Chile-Cibeles Telecom S.A.
312890,United States of America-Circle Gx
312800,United States of America-Cirrus Core Networks
90116,Worldwide-Cisco Jasper
50540,Australia-CITIC Pacific Mining
45401,Hong Kong-CITIC Telecom 1616
315010,United States of America-CBRS
302670,Canada-CityTel Mobility
42603,Bahrain-Civil Aviation Authority
64140,Uganda-Civil Aviation Authority (CAA)
25006,Russian Federation-Skylink
72438,Brazil-Claro
73023,Chile-Claro Servicios Empresariales S. A.
26025,Poland-TeleCube.PL
312310,"United States of America-Clear Stream Communications, LLC"
312100,"United States of America-ClearSky Technologies, Inc."
50545,Australia-Clermont Coal Operations Pty Ltd
312140,United States of America-Revol Wireless
27209,Ireland-Clever Communications Ltd.
502155,Malaysia-Clixster
23418,Isle of Man (UK)-Cloud 9 Mobile
23418,United Kingdom-Cloud9
24037,Sweden-CLX Networks AB
50533,Australia-CLX Networks Pty Ltd
302150,Canada-Cogeco Connexion Inc.
311790,"United States of America-Coleman County Telephone Cooperative, Inc."
732103,Colombia-Tigo
732165,Colombia-Colombia Móvil S.A. ESP
732001,Colombia-movistar
23405,United Kingdom-COLT Mobile Telecommunications Limited
24209,Norway-Com4
22805,Switzerland-Comfone AG
22809,Switzerland-Comfone AG
24011,Sweden-ComHem AB
60703,Gambia-Comium
61904,Sierra Leone-Comium
61204,Ivory Coast-KoZ
312370,United States of America-Choice Wireless
311550,United States of America-Choice Wireless
50561,Australia-CommTel NS
90148,Worldwide-Com4
24009,Sweden-Com4
45504,Macau (China)-CTM
74403,Paraguay-Compańia Privada de Comunicaciones S.A.
73017,Chile-COMPATEL Chile Limitada
732004,Colombia-COMPATEL COLOMBIA SAS
50530,Australia-Compatel Limited
28409,Bulgaria-COMPATEL LIMITED
23813,Denmark-Compatel Limited
20213,Greece-Compatel Limited
26032,Poland-Compatel Limited
21430,Spain-Compatel Limited
24032,Sweden-Compatel Limited
24426,Finland-Compatel
29320,Slovenia-COMPATEL Ltd
24607,Lithuania-Compatel Ltd.
22861,Switzerland-Compatel Ltd.
23008,Czech Republic-Compatel s.r.o.
26811,"Portugal-Compatel, Limited"
334001,"Mexico-Comunicaciones Digitales Del Norte, S.A. de C.V."
310060,United States of America-Consolidated Telcom
312440,United States of America-Consolidated Telcom
21428,Spain-Murcia4G
22253,Italy-COOP Voce
74406,Paraguay-Copaco
310930,United States of America-Copper Valley Wireless
312380,United States of America-Copper Valley Wireless
61201,Ivory Coast-Cora de Comstar
311240,United States of America-Cordova Wireless
26275,Germany-Core Network Dynamics GmbH
20827,France-Coriolis Telecom
73401,Venezuela-Digitel
73402,Venezuela-Digitel GSM
72417,Brazil-Correios
20206,Greece-Cosmoline
20202,Greece-Cosmote
313060,United States of America-Country Wireless
312060,United States of America-CoverageCo
311140,United States of America-Bravado Wireless
310700,United States of America-Bigfoot Cellular
312030,United States of America-Bravado Wireless
313010,United States of America-Bravado Wireless
25008,Russian Federation-Vainah Telecom
36263,Former Netherlands Antilles-CSC N.V.
24805,Estonia-CSC Telecom Estonia OÜ
45402,Hong Kong-CSL Limited
45418,Hong Kong-CSL Limited
60804,Senegal-CSU-SA
26606,Gibraltar (UK)-CTS Mobile
23818,Denmark-Cubic Telecom
29506,Liechtenstein-Cubic Telecom
20829,France-Cubic télécom France
27218,Ireland-Cubic Telecom Limited
36268,Former Netherlands Antilles-Digicel
312040,United States of America-Custer Telephone Co-op (CTCI)
312950,United States of America-Custer Telephone Co-op (CTCI)
313220,United States of America-Custer Telephone Co-op (CTCI)
26012,Poland-Cyfrowy Polsat
28002,Cyprus-Cytamobile-Vodafone
310780,United States of America-Dispatch Direct
43212,Iran-Avacell(HiWEB)
23805,Denmark-TetraNet
23809,Denmark-SINE
23811,Denmark-SINE
22106,Kosovo-Z Mobile
302100,Canada-dotmobile
28212,Georgia-Datacomm Ltd
24611,Lithuania-DATASIM OU
61940,Sierra Leone-Datatel (SL) Ltd.
61950,Sierra Leone-Datatel (SL) Ltd.
72418,Brazil-datora
34008,French Antilles (France)-Dauphin
26210,Germany-DB Netz AG
26260,Germany-DB Telematik
90142,Worldwide-DCN Hub ehf
405909,India-IDEA
40505,India-Reliance
405844,India-Uninor
405913,India-Etisalat DB(cheers)
35011,Bermuda-Deltronics
64905,Namibia-Demshi Investments CC
20625,Belgium-Dense Air Belgium SPRL
20833,France-Département des Pyrénées-Atlantiques
50504,Australia-Department of Defence
90140,Worldwide-1nce GmbH
90153,Worldwide-Deutsche Telekom AG
41311,Sri Lanka-Dialog
50526,Australia-Dialogue Communications Pty. Ltd.
22236,Italy-Digi Mobil
21603,Hungary-DIGI
365010,Anguilla (UK)-Digicel
342750,Barbados-Digicel
53602,Nauru-Digicel
360050,Saint Vincent and the Grenadines-Digicel
376351,Turks and Caicos Islands-Digicel
346050,Cayman Islands (UK)-Digicel
352030,Grenada-Digicel
366020,Dominica-Digicel
74604,Suriname-Digicel
54901,Samoa-Digicel
52023,Thailand-AIS GSM 1800
29511,Liechtenstein-DIMOCO Messaging AG
732176,Colombia-DirecTV Colombia Ltda
313340,United States of America-Dish Network
313350,United States of America-Dish Network
313360,United States of America-Dish Network
24404,Finland-DNA
24413,Finland-DNA
25010,Russian Federation-DTC
64006,Tanzania-Sasatel (Dovetel)
26223,Germany-Drillisch Online AG
302390,Canada-DMTS
23109,"Slovakia-DSI DATA, a.s."
22107,Kosovo-D3 Mobile
27081,Luxembourg-E-Lux Mobile Telecommunication S.A.
26008,Poland-E-Telko Sp. z o.o.
36295,Former Netherlands Antilles-MIO
313030,United States of America-Snake River PCS
36254,Former Netherlands Antilles-ECC
310750,United States of America-Appalachian Wireless
312120,United States of America-Appalachian Wireless
312130,United States of America-Appalachian Wireless
312910,United States of America-Appalachian Wireless
26609,Gibraltar (UK)-Shine
90150,Worldwide-EchoStar Mobile
64201,Burundi-econet Leo
64282,Burundi-econet Leo
732002,Colombia-Edatel
20850,France-EDF
311760,United States of America-Edigen Inc.
23431,United Kingdom-T-Mobile UK
23432,United Kingdom-T-Mobile UK
23434,United Kingdom-Orange
23486,United Kingdom-EE
23501,United Kingdom-EE
23502,United Kingdom-EE
73805,"Guyana-eGovernment Unit, Ministry of the Presidency"
27207,Ireland-Eir
27208,Ireland-Eir
50220,Malaysia-Electcoms
311460,United States of America-Electric Imp Inc.
20405,Netherlands-Elephant Talk Communications Premium Rate Services
20615,Belgium-Elephant Talk Communications Schweiz GmbH
24406,Finland-Elisa
24421,Finland-Elisa- Saunalahti
310610,United States of America-Epic PCS
312410,"United States of America-Eltopia Communications, LLC"
90143,Worldwide-EMnify GmbH
29509,Liechtenstein-EMnify GmbH
732187,Colombia-eTb
708030,Honduras-Hondutel
73018,Chile-Empresas Bunker S.A.
732099,Colombia-EMCALI
311950,United States of America-ETC
22611,Romania-Enigma-System
71607,Peru-Entel
71617,Peru-Entel
73602,Bolivia-Entel
73010,Chile-entel
24215,Norway-eRate Norway AS
302990,Canada-Ericsson Canada
23840,Denmark-Ericsson Danmark A/S
26272,Germany-Ericsson GmbH
20633,Belgium-Ericsson NV
65550,South Africa-Ericsson South Africa (Pty) Ltd
65701,Eritrea-Eritel
43201,Iran-Uname
43240,Iran-Mobinnet
24814,Estonia-Estonian Crafts OÜ
310035,United States of America-ETEX Wireless
20826,France-NRJ Mobile
90156,Worldwide-ETSI
24022,Sweden-EuTel AB
36231,Former Netherlands Antilles-Eutel N.V.
25904,Moldova-Eventis
45206,Vietnam-EVNTelecom
310990,United States of America-Evolve Broadband
302340,Canada-Execulink
24422,Finland-EXFO Oy
24423,Finland-EXFO Oy
313260,United States of America-Expeto Wireless Inc.
26021,Poland-Exteri
26041,Poland-EZ PHONE MOBILE Sp. z o.o.
46602,Taiwan-FarEasTone
46603,Taiwan-FarEasTone
46606,Taiwan-FarEasTone
46607,Taiwan-FarEasTone
46688,Taiwan-FarEasTone
310311,United States of America-Farmers Wireless
43293,Iran-Farzanegan Pars
22208,Italy-Fastweb
24063,Sweden-FTS
22863,Switzerland-FTS
63906,Kenya-Finserve Africa Limited
46656,Taiwan-FITEL
29507,Liechtenstein-First Mobile AG
302350,Canada-FIRST
26241,Germany-First Telecom GmbH
35015,Bermuda-FKB Net Ltd.
312900,United States of America-ClearTalk
311750,United States of America-ClearTalk
312860,United States of America-ClearTalk
23417,United Kingdom-FleXtel Limited
313520,"United States of America-Florida Broadband, Inc."
23404,United Kingdom-FMS Solutions Ltd
20889,France-Fondation b-com
21420,Spain-Fonyou
24225,Norway-Forsvarets kompetansesenter KKIS
24425,Finland-Fortum Power and Heat Oy
41422,"Myanmar-Fortune Telecom Co., Ltd"
34009,French Antilles (France)-Free
42512,Israel-x2one
55001,Federated States of Micronesia-FSMTC
312390,United States of America-FTC Wireless
312050,United States of America-Fuego Wireless
313240,United States of America-Peak Internet
42898,Mongolia-G-Mobile
26813,"Portugal-G9Telecom, S.A."
73403,Venezuela-DirecTV
42517,Israel-Sipme
60701,Gambia-Gamcel
23439,United Kingdom-Gamma Telecom Holdings Ltd.
60705,Gambia-Gamtel-Ecowan
310430,United States of America-GCI
90128,Worldwide-Vodafone
65903,South Sudan-Gemtel
24018,Sweden-Generic Mobile Systems Sweden AB
62701,Equatorial Guinea-Orange GQ
26603,Gibraltar (UK)-Gibfibrespeed
311900,United States of America-GigSky
312870,"United States of America-GigSky Mobile, LLC"
312790,United States of America-Gila Electronics
61605,Benin-Glo
46610,Taiwan-G1
46004,China-China Mobile
41423,"Myanmar-Global Technology Co., Ltd"
28207,Georgia-GlobalCell
42504,Israel-Globalsim Ltd
310970,United States of America-Globalstar
45001,South Korea-Globalstar Asia Pacific
20805,France-Globalstar Europe
20806,France-Globalstar Europe
20807,France-Globalstar Europe
30802,Saint Pierre and Miquelon (France)-GLOBALTEL
22011,Serbia-GLOBALTEL
51501,Philippines-Islacom
90135,Worldwide-Globecomm Network Services
311890,United States of America-Globecomm Network Services Corporation
24027,Sweden-GlobeTouch AB
312620,United States of America-GlobeTouch Inc.
90163,Worldwide-GloTel B.V.
28209,Georgia-Gmobile
42508,Israel-Golan Telecom
62013,Ghana-Goldkey
63730,Somalia-Golis
24017,Sweden-Gotanet
23817,Denmark-Gotanet AB
26030,Poland-GrandTel
312710,United States of America-Great North Woods Wireless LLC
312550,"United States of America-Great Plains Communications, Inc."
311680,United States of America-GreenFly LLC
23842,Denmark-Greenwave Mobile IoT ApS
52512,Singapore-Grid
50542,Australia-GEMCO
26214,Germany-Group 3G UMTS
26271,Germany-GSMK
45207,Vietnam-Gmobile
25023,Russian Federation-Thuraya
34010,French Antilles (France)-Guadeloupe Téléphone Mobile
310033,Guam (USA)-Guam Telephone Authority
310033,United States of America-Guam Telephone Authority
23403,Guernsey (UK)-Airtel-Vodafone
63201,Guinea-Bissau-Guinetel
63207,Guinea-Bissau-Guinetel
40457,India-cellone
40506,India-Reliance
405827,India-Videocon Datacom
405914,India-Etisalat DB(cheers)
405927,India-Uninor
313290,United States of America-Gulf Coast Broadband LLC
64605,Madagascar-BIP / blueline
738002,Guyana-GT&T Cellink Plus
34011,French Antilles (France)-Guyane Téléphone Mobile
732210,Colombia-Hablame Colombia SAS ESP
27405,Iceland-Halló Frjáls fjarskipti hf.
302991,Canada-Halton Regional Police Service
20894,France-Halys
23472,United Kingdom-Hanhaa Mobile
44002,"Japan-Hanshin Cable Engineering Co., Ltd."
40401,India-Vodafone India
40434,India-cellone
40507,India-Reliance
405910,India-IDEA
60606,Libya-Hatef Libya
20819,France-Haute-Garonne numérique
23414,United Kingdom-Hay Systems Ltd
312930,"United States of America-Hewlett-Packard Communication Services, LLC"
310540,United States of America-Phoenix
40418,India-Reliance
40451,India-cellone
40508,India-Reliance
405754,India-Vodafone India
23110,"Slovakia-HMZ RÁDIOKOMUNIKÁCIE, spol. s r.o."
42515,Israel-Home Cellular
23471,United Kingdom-Home Office
63909,Kenya-Homeland Media Group Limited
45432,Hong Kong-Hong Kong Broadband Network Ltd
45425,Hong Kong-Hong Kong Government
45426,Hong Kong-Hong Kong Government
63750,Somalia-Hormuud
63767,Somalia-Horntel Group
313420,United States of America-Hudson Valley Wireless
27217,Ireland-3
23594,United Kingdom-Hutchison 3G UK Ltd
23210,Austria-3
23214,Austria-Hutchison Drei Austria
23216,Austria-Hutchison Drei Austria
23219,Austria-Hutchison Drei Austria
45405,Hong Kong-3 (CDMA)
45414,Hong Kong-Hutchison Telecom
722350,Argentina-PORT-HABLE
41309,Sri Lanka-Hutch
45505,Macau (China)-3
65528,South Africa-Hymax Talking Solutions (Pty) Ltd
64166,Uganda-i-Tel
62017,Ghana-iBurst Africa
24214,Norway-ice
23815,Denmark-Net 1
24206,Norway-ice
302620,Canada-ICE Wireless
27407,Iceland-IceCell
27408,Iceland-On-waves
27431,Iceland-Síminn
23423,United Kingdom-Icron Network Limited
22615,Romania-Idilis
50522,Australia-iiNet Ltd
20816,France-Free Mobile
65532,South Africa-Ilizwi Telecommunications
311340,United States of America-Illinois Valley Cellular
20890,France-Images & Réseaux
313250,United States of America-Imperial County Office of Education
22807,Switzerland-IN&Phone
21414,Spain-Incotel Servicioz Avanzados SL
25019,Russian Federation-INDIGO
43612,Tajikistan-Tcell
43602,Tajikistan-Tcell
45208,Vietnam-I-Telecom
24023,Sweden-Infobip Limited (UK)
20602,Belgium-Infrabel
26812,"Portugal-Infraestruturas de Portugal, S.A."
312020,"United States of America-Infrastructure Networks, LLC"
21435,"Spain-INGENIUM OUTSOURCING SERVICES, S.L."
310580,United States of America-Inland Cellular Telephone Company
26219,Germany-Inquam Deutschland
71202,Costa Rica-Kölbi ICE
65551,South Africa-Integrat (Pty) Ltd
70605,El Salvador-RED
20216,Greece-Inter Telecom
23830,Denmark-Interactive digital media GmbH
24609,Lithuania-Interactive Digital Media GmbH
27078,Luxembourg-Interactive digital media GmbH
26040,Poland-Interactive Digital Media GmbH
24036,Sweden-interactive digital media GmbH
62122,Nigeria-InterC
61103,Guinea-Telecel Guinee
20417,Netherlands-Intercity Zakelijk
20211,Greece-interConnect
25500,Moldova-IDC
25915,Moldova-IDC
26029,Poland-Interfonica
61909,Sierra Leone-Smart Mobile
90120,Worldwide-Intermatica
70268,Belize-INTELCO
23406,United Kingdom-Internet Computer Bureau Limited
44003,Japan-IIJmio
25061,Russian Federation-Intertelecom
25504,Ukraine-Intertelecom
25523,Ukraine-CDMA Ukraine
29002,Greenland-Nuuk TV
73020,Chile-Inversiones Santa Fe Limitada
21604,Hungary-Invitech ICT Services Ltd.
312970,United States of America-IOSAZ Intellectual Property LLC
311410,United States of America-Chat Mobility
312170,United States of America-Chat Mobility
310770,United States of America-iWireless
310530,United States of America-iWireless
27412,Iceland-Tal
20650,Belgium-IP Nexia
43293,Iran-Iraphone
43290,Iran-Iraphone
25029,Russian Federation-Iridium
302600,Canada-Iristel
310300,United States of America-Big Sky Mobile
42525,Israel-IMOD
26024,Poland-IT Partners Telco Sp. z o.o.
310032,Guam (USA)-IT&E Wireless
310032,United States of America-IT&E Wireless
43711,Kyrgyzstan-iTel
41862,Iraq-Itisaluna
60406,Morocco-IAM
42513,Israel-Ituran Cellular Communications
24708,Latvia-IZZI
310920,"United States of America-James Valley Wireless, LLC"
63910,Kenya-Faiba 4G
40437,India-Aircel
40462,India-cellone
405033,India-TATA DOCOMO
40509,India-Reliance
40555,India-Airtel
405750,India-Vodafone India
405846,India-IDEA
405860,India-Jio
44004,"Japan-Japan Radio Company, Ltd."
310650,United States of America-Jasper
24220,Norway-Jernbaneverket AS
24221,Norway-Jernbaneverket AS
23403,Jersey (UK)-Airtel-Vodafone
23403,United Kingdom-Airtel-Vodafone
20640,Belgium-JOIN
25021,Russian Federation-GlobalTel
28206,Georgia-JSC Compatel
23435,United Kingdom-JSC Ingenium (UK) Limited
25508,Ukraine-JSC Ukrtelecom
25017,Russian Federation-Utel
90117,Worldwide-Navitas
43601,Tajikistan-Tcell
25032,Russian Federation-Win Mobile
64144,Uganda-K2
310870,United States of America-PACE
28304,Armenia-Karabakh Telecom
65531,South Africa-Karabo Telecoms (Pty) Ltd.
40486,India-Vodafone India
40510,India-Reliance
405820,India-Uninor
405847,India-IDEA
40471,India-cellone
62004,Ghana-Expresso
312740,United States of America-Locus Telecommunications
44050,Japan-au
44052,Japan-au
44053,Japan-au
44054,Japan-au
44070,Japan-au
44071,Japan-au
44072,Japan-au
44073,Japan-au
44074,Japan-au
44075,Japan-au
44076,Japan-au
302380,Canada-Keewaytinook Mobile
302530,Canada-Keewaytinook Mobile
40472,India-cellone
40511,India-Reliance
405821,India-Uninor
405917,India-Etisalat DB(cheers)
312460,United States of America-Ketchikan Public Utilities (KPU)
25009,Russian Federation-Skylink
313280,"United States of America-King Street Wireless, LP"
65535,South Africa-Kingdom Communications Pty Ltd
312830,United States of America-Kings County Office of Education
40481,India-cellone
40483,India-Reliance
40512,India-Reliance
405822,India-Uninor
20467,Netherlands-Koning en Hartman B.V.
45011,South Korea-Tplus
467193,North Korea-SunNet
20410,Netherlands-KPN
20412,Netherlands-Telfort
20469,Netherlands-KPN Mobile The Netherlands B.V.
25034,Russian Federation-Krymtelekom
45002,South Korea-KT
45004,South Korea-KT
45007,South Korea-KT
25060,Russian Federation-Volna mobile
25013,Russian Federation-KUGSM
61401,Niger-SahelCom
20428,Netherlands-Lancelot B.V.
27422,Iceland-Landhelgisgćslan (Icelandic Coast Guard)
41304,Sri Lanka-Lanka Bell
374140,Trinidad and Tobago-Laqtel
42526,Israel-Annatel
46611,Taiwan-Chunghwa LDM
311310,United States of America-NMobile
62015,Ghana-Lebara
90169,Worldwide-Legos
28022,Cyprus-lemontel
61820,Liberia-LIBTELCO
52509,Singapore-Circles.Life
732220,Colombia-Libre Tecnologias SAS
60603,Libya-Libya Phone
60600,Libya-Libyana
24605,Lithuania-LitRail
24608,Lithuania-MEZON
27211,Ireland-Tesco Mobile
311510,United States of America-Ligado Networks
302570,Canada-LightSquared
311130,United States of America-Lightsquared L.P.
311160,United States of America-Lightsquared L.P.
311520,United States of America-Lightsquared L.P.
311980,United States of America-LigTel Communications
24417,Finland-Liikennevirasto
338020,Jamaica-FLOW
90166,Worldwide-Limitless Mobile LLC
312180,United States of America-Limitless Mobile LLC
23453,United Kingdom-Limitless Mobile Ltd
23459,United Kingdom-Limitless Mobile Ltd
310340,United States of America-Limitless Mobile
311600,United States of America-Limitless Mobile
23828,Denmark-LINK Mobile A/S
24028,Sweden-LINK Mobile A/S
22238,Italy-LINKEM
61902,Sierra Leone-Africell
61903,Sierra Leone-Africell
21426,"Spain-Lleida Networks Serveis Telemátics, SL"
732003,Colombia-LLEIDA S.A.S.
20817,France-LEGOS
23421,United Kingdom-LogicStar Ltd
732240,Colombia-Logistica Flash Colombia SAS
61801,Liberia-Lonestar Cell MTN
24604,Lithuania-LR vidaus reikal? ministerija (Ministry of the Interior)
44007,"Japan-LTE-X, Inc."
24223,Norway-Lycamobile
20825,France-LycaMobile
26243,Germany-Lycamobile
27213,Ireland-Lycamobile
22235,Italy-Lycamobile
26804,Portugal-LycaMobile
65553,South Africa-Lycamobile
22854,Switzerland-Lycamobile
23208,Austria-Lycamobile
23812,Denmark-Lycamobile
45423,Hong Kong-Lycamobile
29404,North Macedonia-Lycamobile
20409,Netherlands-Lycamobile
64126,Uganda-Lycamobile
50519,Australia-Lycamobile
22616,Romania-Lycamobile
21425,Spain-Lycamobile
26009,Poland-Lycamobile
20606,Belgium-Lycamobile
24012,Sweden-Lycamobile
23426,United Kingdom-Lycamobile
311960,United States of America-Lycamobile
310760,United States of America-Lynch 3G Communications Corporation
302560,Canada-Lynx Mobility
312960,"United States of America-M&A Technology, Inc."
52511,Singapore-M1
35002,Bermuda-Mobility
40514,India-Reliance
405834,India-Videocon Datacom
40458,India-cellone
405756,India-Vodafone India
90168,Worldwide-Maersk Line A/S
28202,Georgia-Magti
28203,Georgia-MagtiFix
21699,Hungary-MAV GSM-R
61702,Mauritius-MOKOZE / AZU
405911,India-IDEA
405929,India-Uninor
40466,India-cellone
40513,India-Reliance
311720,United States of America-MainePCS LLC
29401,North Macedonia-Telekom.mk
61001,Mali-Malitel
313050,United States of America-Breakaway Wireless
90152,Worldwide-Manx Telecom Trading Ltd.
54710,French Polynesia (France)-Mara Telecom
42509,Israel-We4G
23428,Jersey (UK)-Marathon Telecom Limited
23428,United Kingdom-Marathon Telecom Limited
312980,United States of America-Mark Twain Communications Company
55101,Marshall Islands-Marshall Islands National Telecommunications Authority (MINTA)
34012,French Antilles (France)-Martinique Téléphone Mobile
44009,Japan-Marubeni Wireless Communications Inc.
22256,Italy-Unknown
23217,Austria-MASS Response Service GmbH
310040,United States of America-MTA
312340,United States of America-MTA
60910,Mauritania-Mauritel
334110,"Mexico-Maxcom Telecomunicaciones, S.A.B. de C.V."
50217,Malaysia-Maxis
50210,"Malaysia-Maxis, DiGi, Celcom, XOX"
302701,Canada-MB Tel Mobility
90122,Worldwide-MediaLincc Ltd
63302,Seychelles-Mediatech
90132,Worldwide-Sky High
25014,Russian Federation-MegaFon
27877,Malta-Melita
24029,Sweden-Mercury International Carrier Services
313200,United States of America-Mercury Network Corporation
90159,Worldwide-MessageBird B.V.
26049,Poland-Messagebird B.V.
24061,Sweden-MessageBird B.V.
50535,Australia-MessageBird Pty Ltd
311660,United States of America-Metro
25016,Russian Federation-Miatel
312400,United States of America-Mid-Rivers Wireless
311000,United States of America-West Central Wireless
311700,United States of America-Midwest Network Solutions Hub LLC
313070,United States of America-Midwest Network Solutions Hub LLC
313550,United States of America-Mile High Networks LLC
70402,Guatemala-Tigo
20422,Netherlands-Ministerie van Defensie
42705,Qatar-Ministry of Interior
42706,Qatar-Ministry of Interior
311020,United States of America-Chariton Valley
311920,United States of America-Chariton Valley
27079,Luxembourg-Mitto AG
22857,Switzerland-Mitto AG
20419,Netherlands-Mixe Communication Solutions B.V.
313460,"United States of America-Mobi, Inc."
29411,North Macedonia-MOBIK TELEKOMUNIKACII DOOEL Skopje
26213,Germany-Mobilcom Multimedia
24033,Sweden-Mobile Arts AB
27830,Malta-GO
24224,Norway-Mobile Norway AS
63904,Kenya-Mobile Pay Kenya Limited
43219,Iran-Espadan (JV-PJS)
28211,Georgia-Mobilive
20803,France-MobiquiThings
20824,France-MobiquiThings
46693,Taiwan-MobiTai
61925,Sierra Leone-Mobitel
41845,Iraq-Mobitel
23843,Denmark-MobiWeb Limited
24043,Sweden-MobiWeb Ltd.
26042,Poland-MobiWeb Telecom Limited
25903,Moldova-Unité
25905,Moldova-Unité
25999,Moldova-Unité
23814,Denmark-Monty UK Global Limited
24025,Sweden-Monty UK Global Ltd
312580,"United States of America-Morgan, Lewis & Bockius LLP"
311500,United States of America-Mosaic Telecom
26013,Poland-Move Telecom S.A.
63104,Angola-MOVICEL
302702,Canada-MT&T Mobility (Aliant)
23220,Austria-m:tel
62910,Congo-Libertis Telecom
65512,South Africa-MTN
64502,Zambia-MTN
90161,Worldwide-MTN Management Services
64906,Namibia-MTN Namibia
63403,Sudan-MTN
43801,Turkmenistan-MTS
90139,Worldwide-MTX Connect Ltd
27002,Luxembourg-MTX Connect S.a.r.l.
90201,Worldwide-MulteFire Allicance
45424,Hong Kong-Multibyte Info Technology Ltd
26221,Germany-Multiconnect GmbH
73005,Chile-Multikom S.A.
90138,Worldwide-Multiregional TransitTelecom (MTT)
40421,India-Loop Mobile
40515,India-Reliance
23009,Czech Republic-Vectone Mobile
20831,France-Vectone Mobile
26036,Poland-Vectone Mobile
23807,Denmark-Vectone Mobile
20406,Netherlands-Vectone Mobile
26807,Portugal-Vectone Mobile
24019,Sweden-Vectone Mobile
23215,Austria-Vectone Mobile
20607,Belgium-Vectone Mobile
28023,Cyprus-Vectone Mobile
22009,Serbia-Vectone Mobile
22859,Switzerland-Vectone
23401,United Kingdom-Vectone Mobile
24430,Finland-Vectone Mobile
21602,Hungary-MVM Net Ltd.
41403,Myanmar-CDMA800
41409,Myanmar-Mytel
41400,Myanmar-MPT
41402,Myanmar-MPT
41404,Myanmar-MPT
64012,Tanzania-MyCell Limited
40006,Azerbaijan-Naxtel
26292,Germany-Nash Technologies
50562,Australia-NBN
50568,Australia-NBN
62009,Ghana-NITA
62005,Ghana-National Security
63710,Somalia-Nationlink
63760,Somalia-Nationlink
63409,Sudan-khartoum INC
312330,United States of America-Nemont
65513,South Africa-Neotel
65514,South Africa-Neotel
310290,United States of America-nep
27221,Ireland-Net Feasa Limited
64801,Zimbabwe-Net*One
24024,Sweden-Sweden 2G
62011,Ghana-Netafrique Dot Com Ltd
26218,Germany-NetCologne
24003,Sweden-Net 1
312630,"United States of America-NetGenuity, Inc."
20608,Belgium-Nethys
26007,Poland-Netia
73014,Chile-Netline Telefónica Móvil Ltda
24040,Sweden-Netmore Group AB
60706,Gambia-NETPAGE
302790,Canada-NetSet Communications
65904,South Sudan-Vivacell
23595,United Kingdom-Network Rail Infrastructure Limited
23412,United Kingdom-Railtrack
23413,United Kingdom-Railtrack
311380,United States of America-New Dimension Wireless Ltd.
310100,United States of America-Plateau Wireless
302703,Canada-New Tel Mobility (Aliant)
310600,United States of America-Cellcom
310460,United States of America-Conecto
311530,United States of America-NewCore
311100,United States of America-Nex-Tech Wireless
312420,United States of America-Nex-Tech Wireless
50527,Australia-Nexium Telecommunications
51588,Philippines-Next Mobile Inc.
316010,United States of America-Nextel
20460,Netherlands-Nextgen Mobile Ltd
26037,Poland-NEXTGEN MOBILE LTD
23804,Denmark-NextGen Mobile Ltd T/A CardBoardFish
20616,Belgium-NextGen Mobile Ltd.
24030,Sweden-NextGen Mobile Ltd.
311300,"United States of America-Nexus Communications, Inc."
26279,Germany-ng4T GmbH
312560,United States of America-NHLT Inc.
722020,Argentina-Nextel
72400,Brazil-Nextel
72439,Brazil-Nextel
25003,Russian Federation-NCC
26273,Germany-Nokia
313540,United States of America-Nokia Innovations US LLC
24290,Norway-Nokia Solutions and Networks Norge AS
24407,Finland-Nokia
24408,Finland-Nokia
24409,Finland-Nokia Solutions and Networks Oy
24438,Finland-Nokia Solutions and Networks Oy
24439,Finland-Nokia Solutions and Networks Oy
24440,Finland-Nokia Solutions and Networks Oy
24441,Finland-Nokia Solutions and Networks Oy
73016,Chile-Nomade Telecomunicaciones S.A.
23006,Czech Republic-Nordic Telecom 5G a.s.
23004,Czech Republic-Nordic Telecom s.r.o.
26011,Poland-Nordisk Polska
50510,Australia-Norfolk Is.
50510,Norfolk Island-Norfolk Telecom
311610,United States of America-SRT Communications
312230,United States of America-SRT Communications
40450,India-Reliance
40477,India-cellone
405755,India-Vodafone India
405849,India-IDEA
310017,United States of America-ProxTel
311710,United States of America-Northeast Wireless Networks LLC
312920,United States of America-Northeast Wireless Networks LLC
312590,United States of America-NMU
311420,United States of America-NorthwestCell
312150,United States of America-NorthwestCell
24210,Norway-Norwegian Communications Authority
61804,Liberia-Novafone
73004,Chile-WOM
73009,Chile-WOM
22207,Italy-Kena Mobile
310510,United States of America-Cellcom
311840,United States of America-Cellcom
311850,United States of America-Cellcom
310620,United States of America-Cellcom
24812,Estonia-Ntel Solutions OÜ
312610,United States of America-nTelos
312660,United States of America-nTelos
22864,Switzerland-Nth AG
313040,United States of America-NNTC Wireless
27406,Iceland-Núll níu ehf
310440,United States of America-Numerex
310640,United States of America-Numerex
43709,Kyrgyzstan-O!
23291,Austria-GSM-R A
338070,Jamaica-Claro
54502,Kiribati-OceanLink
27403,Iceland-Vodafone
41505,Lebanon-Ogero Mobile
44078,Japan-au
63517,Rwanda-Olleh
42204,Oman-Omantel
41892,Iraq-Omnnea
90115,Worldwide-OnAir
61301,Burkina Faso-Telmob
64203,Burundi-Onatel
50599,Australia-One.Tel
50508,Australia-One.Tel
29402,North Macedonia-vip
90160,Worldwide-OneWeb
26805,"Portugal-Oniway - Inforcomunicaçôes, S.A."
63770,Somalia-Onkod Telecom Ltd.
23873,Denmark-Onomondo ApS
312850,"United States of America-Onvoy Spectrum, LLC"
43409,Uzbekistan-EVO
90147,Worldwide-Ooredoo
313380,United States of America-OptimERA Inc.
72436,Brazil-Options Telecomunicaçőes
50517,Australia-Optus
50536,Australia-Optus
61203,Ivory Coast-Orange
65202,Botswana-Orange
23206,Austria-Orange AT
62402,Cameroon-Orange
21409,Spain-Orange
21421,Spain-Jazztel
21419,Spain-Simyo
64700,French Indian Ocean Territories (France)-Orange
61807,Liberia-Orange LBR
64602,Madagascar-Orange
90131,Worldwide-Orange
20802,France-Orange
20832,France-Orange
20891,France-Orange S.A.
20895,France-Orange S.A.
23105,Slovakia-Orange
61206,Ivory Coast-GreenN
22007,Serbia-Orion Telekom
40452,India-Reliance
40476,India-cellone
40517,India-Reliance
405753,India-Vodafone India
20204,Greece-OSE
20203,Greece-OTE
74003,Ecuador-Tuenti
311560,United States of America-OTZ Cellular
54001,Solomon Islands-BREEZE
34002,French Antilles (France)-SFR Caraďbe
24416,Finland-Tele2
24804,Estonia-Top Connect
342800,Barbados-Ozone
26098,Poland-Play
47005,Bangladesh-Citycell
310810,United States of America-Pacific Lightwave Inc.
54715,French Polynesia (France)-Vodafone
50518,Australia-Pactel
313320,United States of America-Paladin Wireless
55202,Palau-PT Waves
55299,Palau-PMCI
55280,Palau-Palau Mobile
55201,Palau-PNCC
44008,"Japan-Panasonic Systems Solutions Japan Co., Ltd."
311450,United States of America-PTCI
64904,Namibia-Paratus Telecommunications (Pty)
42510,Israel-Partner
42524,Israel-012 Mobile
45420,Hong Kong-PCCW Mobile (4G)
45429,Hong Kong-PCCW Mobile (CDMA)
36274,Former Netherlands Antilles-PCS N.V.
313410,United States of America-pdvWireless
26023,Poland-PGE Systemy S.A.
42528,Israel-PHI Networks
25599,Ukraine-Phoenix
65516,South Africa-Phoenix System Integration (Pty) Ltd
26031,Poland-Phone IT
26028,Poland-PhoneNet
24207,Norway-Phonero
50525,Australia-Pilbara Iron Company Services Pty Ltd
311670,United States of America-Pine Belt Wireless
311080,United States of America-Pine Cellular
310790,United States of America-BLAZE
311290,United States of America-BLAZE
50550,Australia-Pivotel Group Pty Limited
50588,Australia-Pivotel Group Pty Limited
26035,Poland-PKP Polskie Linie Kolejowe S.A.
51511,Philippines-PLDT via ACeS Philippines
51518,Philippines-Cure
23222,Austria-Plintron Austria Limited
90165,Worldwide-Plintron Global Technology Solutions Pty Ltd
23005,Czech Republic-PODA a.s.
26005,Poland-Orange
72454,Brazil-Conecta
22233,Italy-Poste Mobile
330000,Puerto Rico-Open Mobile
330120,Puerto Rico-Open Mobile
312990,United States of America-Premier Broadband
24815,Estonia-Premium Net International S.R.L. Eesti filiaal
28210,Georgia-Premium Net International SRL
25092,Russian Federation-Primtelefon
20429,Netherlands-Private Mobile Ltd
20424,Netherlands-Private Mobility Nederland B.V.
25509,"Ukraine-PRJSC ""Farlep-Invest"""
25505,Ukraine-Kyivstar
25521,Ukraine-PEOPLEnet
25525,Ukraine-NEWTONE
24806,Estonia-Progroup Holding
20421,Netherlands-ProRail B.V.
311540,United States of America-Proximiti Mobility Inc.
311730,United States of America-Proximiti Mobility Inc.
51099,Indonesia-Esia
51078,Indonesia-Hinet
51003,Indonesia-StarOne
51088,Indonesia-BOLT! 4G LTE
51028,Indonesia-Fren/Hepi
51000,Indonesia-PSN
51027,Indonesia-Net 1
51009,Indonesia-Smartfren
51401,East Timor-Telkomcel
51007,Indonesia-TelkomFlexi
51020,Indonesia-TELKOMMobile
41002,Pakistan-3G EVO / CharJi 4G
310500,United States of America-Alltel
313510,United States of America-Puerto Rico Telecom Company
313490,"United States of America-Puloli, Inc."
40453,India-cellone
40518,India-Reliance
405851,India-IDEA
61907,Sierra Leone-Qcell Sierra Leone
302590,Canada-Quadro Mobility
26274,Germany-Qualcomm CDMA Technologies GmbH
738003,Guyana-Quark Communications Inc.
50521,Australia-Queensland Rail Limited
334120,"Mexico-Quickly Phone, S.A. de C.V."
21416,Spain-TeleCable
21417,Spain-Móbil R
20401,Netherlands-RadioAccess Network Services
50513,Australia-RailCorp
40459,India-cellone
40460,India-Vodafone India
40519,India-Reliance
44011,"Japan-Rakuten Mobile Network, Inc."
42516,Israel-Rami Levy
50528,Australia-RCOM International Pty Ltd
22605,Romania-Digi.Mobil
313480,"United States of America-Ready Wireless, LLC"
24031,Sweden-RebTel Network AB
26044,Poland-Rebtel Poland Sp. z o.o.
21431,"Spain-Red Digital De Telecomunicaciones de las Islas Baleares, S.L."
313370,"United States of America-Red Truck Wireless, LLC"
312780,United States of America-Redzone Wireless
20887,France-RATP
20896,France-Région Bourgogne-Franche-Comté
22851,Switzerland-relario AG
62805,Gabon-RAG
314100,United States of America-Reserved for Public Safety
22230,Italy-RFI
24706,Latvia-Rigatta
20468,Netherlands-Roamware (Netherlands) B.V.
302320,Canada-Rogers Wireless
302721,Canada-Rogers Wireless
302820,Canada-Rogers Wireless
302920,Canada-Rogers Wireless
25039,Russian Federation-Rostelecom
302540,Canada-Rovvr Communications Inc.
50544,Australia-Roy Hill Iron Ore Pty Ltd
52009,Thailand-Royal Thai Police
311430,United States of America-Chat Mobility
312160,United States of America-Chat Mobility
312320,United States of America-RTC Communications LLC
43406,Uzbekistan-Perfectum Mobile
64001,Tanzania-Rural NetCo Limited
63511,Rwanda-Rwandatel
63512,Rwanda-Rwandatel
45203,Vietnam-S-Fone
21412,"Spain-SAC CONVERGENT AGGREGATION SERVICES, S.L.U."
64603,Madagascar-Sacel
63901,Kenya-Safaricom
311350,United States of America-Nemont
312480,United States of America-Nemont
312600,United States of America-Nemont
312640,United States of America-Nemont
43710,Kyrgyzstan-Saima Telecom
44006,Japan-SAKURA Internet Inc.
23221,"Austria-Salzburg AG für Energie, Verkehr und Telekommunikation"
43210,Iran-Samantel
313470,United States of America-San Diego Gas & Electric Company
29201,San Marino-PRIMA
312820,"United States of America-Santel Communications Cooperative, Inc."
50534,Australia-Santos Limited
90157,Worldwide-SAP
302680,Canada-SaskTel
302750,Canada-SaskTel
65504,South Africa-Sasol (Pty) Ltd.
24415,Finland-SAMK
42021,Saudi Arabia-RGSM
22806,Switzerland-SBB-CFF-FFS
25011,Russian Federation-Yota
21427,Spain-Truphone
24429,Finland-SCNL Truphone
41005,Pakistan-SCO Mobile
41008,Pakistan-SCO Mobile
45611,Cambodia-SEATEL
20886,France-SEM@FOR77
63908,Kenya-Sema Mobile Services Limited
65506,South Africa-Sentech (Pty) Ltd
72415,Brazil-Sercomtel
54301,Wallis and Futuna-Manuia
36301,Aruba-SETAR
334060,"Mexico-Servicios de Acceso Inalambrico, S.A. de C.V."
732230,Colombia-Setroc Mobile Group SAS
25033,Russian Federation-Sevmobile
302880,Canada-Bell / Telus / SaskTel
43208,Iran-Shatel Mobile
302490,Canada-Freedom Mobile
302491,Canada-Freedom Mobile
302740,Canada-Shaw Telecom
313500,"United States of America-Shelcomm, Inc."
45003,South Korea-Power 017
53943,Tonga-Shoreline Communication
23452,United Kingdom-Shyam Telecom UK Ltd
24041,Sweden-Shyam Telecom UK Ltd.
311910,United States of America-MobileNation
24707,"Latvia-SIA ""MEGATEL"""
26019,Poland-SIA NetBalt
26027,Poland-SIA Ntel Solutions
25004,Russian Federation-Sibchallenge
26276,Germany-Siemens AG
61906,Sierra Leone-SierraTel
24015,Sweden-Sierra Wireless Sweden AB
28205,Georgia-S1
28208,Georgia-Silk LTE
312430,United States of America-Silver Star Communications
64116,Uganda-SimbaNET Uganda Limited
52507,Singapore-SingTel
50590,Australia-Optus
26212,Germany-Simquadrat
26233,Germany-simquadrat
26222,Germany-sipgate Wireless GmbH
24871,Estonia-Siseministeerium (Ministry of Interior)
65517,South Africa-Sishen Iron Ore Company (Ltd) Pty
72401,Brazil-SISTEER DO BRASIL TELECOMUNICAÇÔES
45012,South Korea-SKTelecom
23457,United Kingdom-Sky UK Limited
42891,Mongolia-Skytel
23104,Slovakia-Telekom
45602,Cambodia-Smart
45605,Cambodia-Smart
45606,Cambodia-Smart
90133,Worldwide-Smart Communications
26043,Poland-Smart Idea International Sp. z o.o.
42904,Nepal-SmartCell
23224,Austria-Smartel Services GmbH
45506,Macau (China)-SmarTone
45415,Hong Kong-SmarTone Mobile Communications Limited
45417,Hong Kong-SmarTone Mobile Communications Limited
25015,Russian Federation-SMARTS
23218,Austria-smartspace GmbH
24816,Estonia-dzinga
62127,Nigeria-Smile
64133,Uganda-Smile
64011,Tanzania-SmileCom
310320,United States of America-Cellular One
65546,South Africa-SMS Cellular Services (Pty) Ltd
22239,Italy-SMS Italia
23825,Denmark-Viahub
24442,Finland-SMS Provider Corp.
24046,Sweden-Viahub
26047,Poland-SMShighway Limited
65524,South Africa-SMSPortal (Pty) Ltd.
22856,Switzerland-SMSRelay AG
20814,France-SNCF Réseau
43221,Iran-Rightel
73019,Chile-móvil Falabella
20898,France-Société Air France
20804,France-Sisteer
27071,Luxembourg-CFL
64710,French Indian Ocean Territories (France)-SFR Réunion
44000,Japan-Y!Mobile
44021,Japan-SoftBank
44101,Japan-SoftBank
63704,Somalia-Somafone
63720,Somalia-SOMNET
63771,Somalia-Somtel
60801,Senegal-Orange
25091,Russian Federation-Sonic Duo
311820,United States of America-Sonus Networks
29510,Liechtenstein-Soracom LI Ltd.
61102,Guinea-Sotelgui
62202,Chad-Tawali
62207,Chad-Salam
65541,South Africa-South African Police Service
65511,South Africa-South African Police Service Gauteng
312080,United States of America-SyncSouth
312840,United States of America-South Georgia Regional Information Technology Authority
310015,United States of America-Southern LINC
312720,United States of America-Southern LINC
316011,United States of America-Southern LINC
311060,United States of America-Space Data Corporation
61603,Benin-MTN
42102,Yemen-MTN
53006,New Zealand-Skinny
20426,Netherlands-SpeakUp B.V.
40005,Azerbaijan-Special State Protection Service of the Republic of Azerbaijan
62124,Nigeria-Spectranet
313450,"United States of America-Spectrum Wireless Holdings, LLC"
70299,Belize-SMART
313080,United States of America-Speedwavz LLP
24045,Sweden-Spirius AB
23098,"Czech Republic-Správa železni?ní dopravní cesty, s.o."
310053,United States of America-Virgin Mobile
310830,United States of America-Sprint
311260,United States of America-Sprint
311490,United States of America-Sprint
311870,United States of America-Boost Mobile
311880,United States of America-Sprint
311882,United States of America-Sprint
311940,United States of America-Sprint
312190,United States of America-Sprint
312240,United States of America-Sprint
312250,United States of America-Sprint
312530,United States of America-Sprint
65301,Swaziland-SPTC
41312,Sri Lanka-SLT
302480,Canada-Qiniq
30801,Saint Pierre and Miquelon (France)-Ameris
22810,Switzerland-Stadt Polizei Zürich
311640,United States of America-Rock Wireless
302550,Canada-Star Solutions International Inc.
52506,Singapore-StarHub
25044,Russian Federation-Stavtelesot / North Caucasian GSM
42604,Bahrain-STC
311360,United States of America-Stelera Wireless
23424,United Kingdom-Greenfone
65907,South Sudan-Sudani
63407,Sudan-Sudani One
732199,Colombia-SUMA Movil SAS
342820,Barbados-Sunbeach Communications
22812,Switzerland-Sunrise
22860,Switzerland-Sunrise
24433,Finland-VIRVE
63005,Democratic Republic of the Congo-Supercell
99501,British Indian Ocean Territory (UK)-FonePlus
23455,Guernsey (UK)-Sure Mobile
23455,United Kingdom-Sure Mobile
23455,Jersey (UK)-Sure Mobile
23436,Isle of Man (UK)-Sure Mobile
23436,United Kingdom-Sure Mobile
750001,Falkland Islands (UK)-Sure
65801,"Saint Helena, Ascension and Tristan da Cunha-Sure"
62008,Ghana-Surfline
24005,Sweden-Sweden 3G
23103,Slovakia-4ka
65302,Swaziland-Swazi Mobile Limited
62126,Nigeria-Swift
22811,Switzerland-Swisscom Broadcast AG
22899,Switzerland-Swisscom Broadcast AG
29501,Liechtenstein-Swisscom
20830,France-Syma Mobile
21413,"Spain-SYMA MOBILE ESPAŃA, S.L."
338040,Jamaica-Caricel
20823,France-Syndicat mixte ouvert Charente Numérique
23437,United Kingdom-Synectiv Ltd
23803,Denmark-Syniverse Technologies
310550,United States of America-Syniverse Technologies
310720,United States of America-Syniverse Technologies
27080,Luxembourg-Syniverse Technologies S.ŕ r.l.
90164,"Worldwide-Syniverse Technologies, LLC"
41709,Syria-Syrian Telecom
41701,Syria-Syriatel
311930,United States of America-Syringa Wireless
24211,Norway-SystemNet
29310,"Slovenia-SŽ - Infrastruktura, d.o.o."
29364,Slovenia-T-2
310200,United States of America-T-Mobile
310210,United States of America-T-Mobile
310220,United States of America-T-Mobile
310230,United States of America-T-Mobile
310240,United States of America-T-Mobile
310250,United States of America-T-Mobile
310270,United States of America-T-Mobile
310310,United States of America-T-Mobile
310490,United States of America-T-Mobile
310800,United States of America-T-Mobile
23207,Austria-tele.ring
23204,Austria-Magenta
23213,Austria-Magenta
23223,Austria-Magenta
29702,Montenegro-T-Mobile
22004,Serbia-T-Mobile
26010,Poland-T-Mobile
26034,Poland-NetWorkS!
310160,United States of America-T-Mobile
46690,Taiwan-T Star
502154,Malaysia-Tron
23416,United Kingdom-Talk Talk
40480,India-cellone
40520,India-Reliance
64104,Uganda-Tangerine Uganda Limited
64007,Tanzania-TTCL Mobile
40277,Bhutan-TashiCell
25027,Russian Federation-Letai
25054,Russian Federation-TTK
46668,Taiwan-Tatung InfoComm
43232,Iran-Taliya
43299,Iran-TCI (GSM WLL)
23810,Denmark-TDC
722040,Argentina-Globalstar
24427,Finland-Teknologian tutkimuskeskus VTT Oy
24428,Finland-Teknologian tutkimuskeskus VTT Oy
311740,United States of America-Telalaska Cellular
24443,Finland-Telavox AB / Telavox Oy
26014,Poland-Telco Leaders Ltd
64702,French Indian Ocean Territories (France)-Only
64703,French Indian Ocean Territories (France)-Free
63782,Somalia-Telcom
72435,Brazil-Telcom Telecomunicaçőes
22808,Switzerland-Tele4u
24810,Estonia-Telcotrade OÜ
26224,Germany-TelcoVillage GmbH
21912,Croatia-TELE FOCUS d.o.o.
24204,Norway-Tele2
24014,Sweden-Tele2 Business AB
20402,Netherlands-Tele2
24010,Sweden-Spring Mobil
311690,United States of America-TeleBEEPER of New Mexico
62302,Central African Republic-TC
61303,Burkina Faso-Telecel Faso
21411,"Spain-TELECOM CASTILLA-LA MANCHA, S.A."
54801,Cook Islands (Pacific Ocean)-Bluesky
60204,Egypt-WE
54203,Fiji-TFL
22243,Italy-TIM
22248,Italy-TIM
41840,Iraq-Korek
64902,Namibia-switch
35005,Bermuda-Telecom Networks
53000,New Zealand-Telecom
53002,New Zealand-Telecom
55501,Niue-Telecom Niue
310840,United States of America-telna Mobile
312300,United States of America-telna Mobile
22101,Kosovo-Vala
722034,Argentina-Personal
722341,Argentina-Personal
54101,Vanuatu-SMILE
25093,Russian Federation-Telecom XXI
90146,Worldwide-Telecom26 AG
22862,Switzerland-Telecom26 AG
43214,Iran-TKC/KFZO
35001,Bermuda-Digicel Bermuda
74605,Suriname-Telesur
334100,Mexico-Telecomunicaciones de México
73406,Venezuela-Movilnet
26802,Portugal-MEO
26880,Portugal-MEO
20407,Netherlands-Teleena (MVNE)
90154,Worldwide-Teleena Holding B.V.
23427,United Kingdom-Teleena UK Limited
24060,Sweden-Telefonaktiebolaget LM Ericsson
36278,Former Netherlands Antilles-Telbo
71030,Nicaragua-movistar
23402,United Kingdom-O2 (UK)
23411,United Kingdom-O2 (UK)
26203,Germany-O2
26205,Germany-O2
26208,Germany-O2
26211,Germany-O2
26217,Germany-O2
26277,Germany-O2
73007,Chile-movistar
722010,Argentina-Movistar
722070,Argentina-Movistar
21405,Spain-Movistar
21432,Spain-Tuenti
21438,"Spain-Telefónica Móviles Espańa, S.A.U."
71402,Panama-movistar
334066,"Mexico-Telefonos de México, S.A.B. de C.V."
310140,Guam (USA)-GTA Wireless
310140,United States of America-GTA Wireless
24703,Latvia-TRIATEL
52801,Brunei-TelBru
26206,Germany-Telekom
26278,Germany-Telekom
50214,Malaysia-Telekom Malaysia Berhad for PSTN SMS
50201,Malaysia-ATUR 450
50211,Malaysia-TM Homeline
22602,Romania-Clicknet Mobile
22604,Romania-Cosmote/Zapp
22606,Romania-Telekom/Zapp
22003,Serbia-mts
502157,Malaysia-Telin
24044,Sweden-Telenabler AB
20605,Belgium-Telenet
23877,Denmark-Telenor
22002,Serbia-Telenor
24212,Norway-Telenor
24006,Sweden-Telenor
43270,Iran-MTCE
43271,Iran-KOOHE NOOR
23422,United Kingdom-Telesign Mobile Limited
62016,Ghana-Telesol
73012,Chile-Colo-Colo MóvilWanderers Móvil
23588,United Kingdom-Telet Research (N.I.) Limited
47004,Bangladesh-TeleTalk
55401,Tokelau-Teletok
24203,Norway-Televerket AS
24807,Estonia-Kou
23419,United Kingdom-Private Mobile Networks PMN
23896,Denmark-Telia
24813,Estonia-Telia Eesti AS
24420,Finland-Telia Finland Oyj
24436,Finland-Telia / DNA
24202,Norway-Telia
24492,Finland-Sonera
53702,Papua New Guinea-citifon
65505,South Africa-Telkom SA Ltd
311210,United States of America-Telnyx LLC
26216,Germany-Telogic Germany GmbH
50571,Australia-Telstra
50572,Australia-Telstra
50511,Australia-Telstra
50539,Australia-Telstra
53004,New Zealand-Vodafone
302221,Canada-Telus
302222,Canada-Telus
302360,Canada-MiKe
302361,Canada-Telus
302653,Canada-Telus
302657,Canada-Telus
302760,Canada-Public Mobile
302860,Canada-Telus
313000,United States of America-Tennessee Wireless
26046,Poland-Terra Telekom Sp. z o.o.
302730,Canada-TerreStar Solutions
311620,"United States of America-TerreStar Networks, Inc."
312110,United States of America-Texas Energy Network LLC
310980,United States of America-Peoples Telephone
313400,"United States of America-Texoma Communications, LLC"
312690,"United States of America-TGS, LLC"
50532,Australia-Thales Australia
20893,France-Thales Communications & Security SAS
20897,France-Thales Communications & Security SAS
23454,United Kingdom-iD Mobile
45618,Cambodia-Cellcard
65533,South Africa-Thinta Thinta Telecommunications Pty Ltd
311050,United States of America-Thumb Cellular LP
311830,United States of America-Thumb Cellular LP
302650,Canada-TBaytel
302656,Canada-TBay
90106,Worldwide-Thuraya Satellite Telecommunications Company
28413,Bulgaria-??.???
51402,East Timor-TT
25062,Russian Federation-Tinkoff Mobile
22247,Italy-Tiscali
23816,Denmark-Tismi B.V.
24437,Finland-Tismi
27416,Iceland-Tismi BV
24048,Sweden-Tismi BV
23409,United Kingdom-Tismi BV
50548,Australia-Titan ICT Pty Ltd
72430,Brazil-Oi
302770,Canada-TNW Wireless
44091,Japan-Tokyo Organising Committee of the Olympic and Paralympic Games
53901,Tonga-U-Call
28803,Faroe Islands-Tosa Sp/F
52015,Thailand-AIS-T / TOT Mobile
52047,Thailand-dtac-T / LINE / TOT Mobile
23107,"Slovakia-Towercom, a. s."
50514,Australia-AAPT
52510,Singapore-TPG Telecom Pte Ltd
24410,Finland-Traficom
24411,Finland-Traficom
24034,Sweden-Trafikverket centralfunktion IT
24021,Sweden-MobiSir
310520,United States of America-TNS
46699,Taiwan-TransAsia
90137,Worldwide-Transatel
20822,France-Transatel Mobile
313560,United States of America-Transit Wireless LLC
312350,United States of America-Triangle Communication System Inc.
312730,United States of America-Triangle Communication System Inc.
73013,Chile-Virgin Mobile
37004,Dominican Republic-Viva
52025,Thailand-WE PCT
23425,United Kingdom-Truphone
20812,France-Truphone
45408,Hong Kong-Truphone
26033,Poland-Truphone
50538,Australia-Truphone
312490,"United States of America-TrustComm, Inc."
37412,Trinidad and Tobago-bmobile
43603,Tajikistan-MegaFon
23866,Denmark-TT-Netvćrket P/S
24424,Finland-TTY-säätiö
502150,Malaysia-Tune Talk
24444,Finland-Turun ammattikorkeakoulu Oy
29370,Slovenia-Telemach
55301,Tuvalu-TTC
90162,Worldwide-Twilio Inc.
24026,Sweden-Twilio Sweden AB
310860,United States of America-Five Star Wireless
310570,United States of America-Cellular One
310390,United States of America-Cellular One of East Texas
90134,Worldwide-tyntec GmbH
310940,United States of America-Tyntec Inc.
310066,United States of America-U.S. Cellular
310730,United States of America-U.S. Cellular
311220,United States of America-U.S. Cellular
24606,Lithuania-Mediafon
24811,Estonia-UAB Raystorm Eesti filiaal
310960,United States of America-STRATA
732208,Colombia-UFF Movil SAS
311860,United States of America-STRATA
312290,United States of America-STRATA
23451,United Kingdom-Relish
23503,United Kingdom-Relish
24431,Finland-Kuiri
24435,Finland-Ukko Mobile
334150,Mexico-Ultranet
90188,Worldwide-UN Office for the Coordination of Humanitarian Affairs (OCHA)
732020,Colombia-Tigo
732142,Colombia-Une EPM Telecomunicaciones S.A. E.S.P.
20413,Netherlands-Unica Installatietechniek B.V.
72437,Brazil-aeiou
52803,Brunei-UNN
37202,Haiti-Digicel
23108,"Slovakia-Uniphone, s.r.o."
42903,Nepal-UTL
36259,Former Netherlands Antilles-Chippie
36260,Former Netherlands Antilles-Chippie
36291,Former Netherlands Antilles-Chippie
311650,United States of America-United Wireless
63757,Somalia-UNITEL
62602,Sao Tome and Principe-Unitel STP
43407,Uzbekistan-UMS
23504,United Kingdom-University of Strathclyde
23506,United Kingdom-University of Strathclyde
23507,United Kingdom-University of Strathclyde
40448,India-Dishnet Wireless
20630,Belgium-Mobile Vikings
27215,Ireland-Virgin Mobile
21671,Hungary-upc
20418,Netherlands-upc
22853,Switzerland-upc cablecom
44001,Japan-UQ WiMAX
44110,Japan-UQ WiMAX
20466,Netherlands-Utility Connect B.V.
356070,Saint Kitts and Nevis-Chippie
34003,French Antilles (France)-Chippie
40415,India-Vodafone India
40455,India-cellone
40521,India-Reliance
40454,India-cellone
40522,India-Reliance
40566,India-Vodafone India
405818,India-Uninor
43403,Uzbekistan-UzMobile
43408,Uzbekistan-UzMobile
43402,Uzbekistan-Uzmacom
25022,Russian Federation-Vainakh Telecom
313230,United States of America-Velocity Communications Inc.
310004,United States of America-Verizon
310005,United States of America-Verizon
310006,United States of America-Verizon
310010,United States of America-Verizon
310012,United States of America-Verizon
310013,United States of America-Verizon
310350,United States of America-Verizon
310590,United States of America-Verizon Wireless
310820,United States of America-Verizon Wireless
310890,United States of America-Verizon Wireless
310910,United States of America-Verizon Wireless
311012,United States of America-Verizon
311110,United States of America-Verizon
311270,United States of America-Verizon
311271,United States of America-Verizon
311272,United States of America-Verizon
311273,United States of America-Verizon
311274,United States of America-Verizon
311275,United States of America-Verizon
311276,United States of America-Verizon
311277,United States of America-Verizon
311278,United States of America-Verizon
311279,United States of America-Verizon
311280,United States of America-Verizon
311281,United States of America-Verizon
311282,United States of America-Verizon
311283,United States of America-Verizon
311284,United States of America-Verizon
311285,United States of America-Verizon
311286,United States of America-Verizon
311287,United States of America-Verizon
311288,United States of America-Verizon
311289,United States of America-Verizon
311390,United States of America-Verizon
311481,United States of America-Verizon
311482,United States of America-Verizon
311483,United States of America-Verizon
311484,United States of America-Verizon
311485,United States of America-Verizon
311486,United States of America-Verizon
311487,United States of America-Verizon
311488,United States of America-Verizon
311489,United States of America-Verizon
311590,United States of America-Verizon
312770,United States of America-Verizon
310740,United States of America-Viaero
24047,Sweden-Viatel Sweden AB
50516,Australia-VicTrack
302510,Canada-Videotron
302520,Canada-Videotron
45609,Cambodia-Metfone
23438,United Kingdom-Virgin Mobile
732154,Colombia-Virgin Mobile
26045,Poland-Virgin Mobile Polska Sp. z o.o.
42005,Saudi Arabia-Virgin Mobile
71220,Costa Rica-fullmóvil
62125,Nigeria-Visafone
90151,Worldwide-VisionNG
311470,United States of America-Viya
54705,French Polynesia (France)-Ora
24808,Estonia-VIVEX
313090,"United States of America-Vivint Wireless, Inc."
46609,Taiwan-VMAX
65110,Lesotho-Vodacom
65565,South Africa-Vodacom Pty Ltd
23407,United Kingdom-Vodafone UK
23099,Czech Republic-Vodafone
26204,Germany-Vodafone
26209,Germany-Vodafone
21424,"Spain-VODAFONE ESPAŃA, S.A.U."
54201,Fiji-Vodafone
50506,Australia-3
50512,Australia-3
22206,Italy-Vodafone
50507,Australia-Vodafone
26891,Portugal-Vodafone
40488,India-Vodafone India
21406,Spain-Vodafone
21418,Spain-ONO
21437,Spain-Vodafone Spain
23591,United Kingdom-Vodafone UK
23592,United Kingdom-Vodafone UK
20403,Netherlands-Voiceworks
26220,Germany-Voiceworks
20411,Netherlands-VoipIT B.V.
250811,Russian Federation-Votek Mobile
90124,Worldwide-iNum
20609,Belgium-Voxbone
23808,Denmark-Voxbone
20818,France-Voxbone
20462,Netherlands-Voxbone
24038,Sweden-Voxbone
24432,Finland-Voxbone
26039,Poland-Voxbone
312200,United States of America-Voyager Mobility LLC
64202,Burundi-Tempo
311990,United States of America-VTel Wireless
73008,Chile-VTR Móvil
60405,Morocco-INWI
54107,Vanuatu-WanTok
62907,Congo-Airtel
41255,Afghanistan-WASEL
42506,Israel-Wataniya Mobile
42506,Palestine-Wataniya
310400,Guam (USA)-iConnect
310480,Guam (USA)-iConnect
311120,Guam (USA)-iConnect
311250,Guam (USA)-iConnect
310400,United States of America-iConnect
310480,United States of America-iConnect
311120,United States of America-iConnect
311250,United States of America-iConnect
20870,France-Weaccess group
45435,Hong Kong-Webbing Hong Kong Ltd
502153,Malaysia-unifi
312940,United States of America-Webformix
22249,Italy-Vianova
22855,Switzerland-WeMobile SA
312360,"United States of America-Wes-Tex Telecommunications, Ltd."
40485,India-Reliance
40523,India-Reliance
40567,India-Vodafone India
405880,India-Uninor
310180,United States of America-West Central
346001,Cayman Islands (UK)-Logic
63911,Kenya-WiAfrica Kenya Limited
64013,Tanzania-Cootel
36233,Former Netherlands Antilles-WICC N.V.
302940,Canada-Wightman Mobility
311150,United States of America-Wilkes Cellular
73026,Chile-WILL S.A.
73099,Chile-Will
20209,Greece-Wind
37005,Dominican Republic-Wind
22237,Italy-3 Italia
90121,Worldwide-Wins Limited
65519,South Africa-Rain
65538,South Africa-iBurst
65573,South Africa-iBurst
65574,South Africa-iBurst
44005,Japan-Wireless City Planning Inc.
24020,Sweden-Wireless Maingate Messaging Services AB
310330,"United States of America-Wireless Partners, LLC"
312700,"United States of America-Wireless Partners, LLC"
356050,Saint Kitts and Nevis-Digicel
65525,South Africa-Wirels Connect
50547,Australia-Woodside Energy Limited
53003,New Zealand-Woosh
99101,Worldwide-World's Global Telecom
29410,North Macedonia-WTI Macedonia
312510,United States of America-WUE Inc.
20423,Netherlands-Wyless Nederland B.V.
26020,Poland-Wysy?aj SMS Polska Sp. z o.o.
21423,Spain-Xfera Moviles S.A.U.
21429,Spain-Xfera Moviles S.A.U.
21433,"Spain-Xfera Móviles, S.A.U."
302130,Canada-Xplornet
302131,Canada-Xplornet
41602,Jordan-XPress Telecom
42104,Yemen-HiTS-UNITEL
50537,Australia-Yancoal Australia Ltd
42103,Yemen-Yemen Mobile
25005,Russian Federation-ETK
27811,Malta-YOM Ltd.
61218,Ivory Coast-YooMee
63088,Democratic Republic of the Congo-YTT
502152,Malaysia-Yes
20212,Greece-Yuboto
41820,Iraq-Zain
41830,Iraq-Zain
90149,Worldwide-Zain Kuwait
25007,Russian Federation-SMARTS
26821,Portugal-Zapp
23199,Slovakia-ŽSR
64704,French Indian Ocean Territories (France)-Zeop
20464,Netherlands-Zetacom B.V.
20415,Netherlands-Ziggo
21410,"Spain-ZINNIA TELECOMUNICACIONES, S.L.U."
28407,Bulgaria-????
